customer_id,first_name,last_name,email,phone,address
583,Raghav,Sane,jagdish86@example.com,9.15E+11,"570
Dara Street, Chennai-240844"
514,Abhiram,Suresh,abhiram46@example.net,9.18E+11,"110, Dhillon Ganj
Firozabad 757923"
41,Mohini,Khare,aadisane@example.net,6424635409,"H.No. 072
Mistry Nagar
Shivpuri-529503"
847,Avi,Lanka,mmadan@example.net,8212147135,"719, Karpe Ganj
Gandhidham-140189"
500,Azad,Ravi,bishakha09@example.org,9.19E+11,"728, Zachariah Circle, Chandrapur-478829"
502,Max,Bhat,seshadridalbir@example.net,9.15E+11,"773
Master, Bhalswa Jahangir Pur 811115"
196,Krish,Master,jatin40@example.com,9.15E+11,"468
Dar Ganj, Howrah-058289"
532,Theodore,Balakrishnan,vandra@example.net,5323876163,"271, Oak Road
Bikaner 285378"
1006,Aren,,,1001,
783,Aashi,Varughese,utalwar@example.net,1104065344,"23/721, Prabhu Chowk
Bhilwara 396915"
668,Raagini,Saha,hkapur@example.com,9.17E+11,"148, Dutta Nagar, Morbi-877032"
70,Vidhi,Batra,idikapillay@example.com,3196466688,"H.No. 792, Dhawan Ganj
Silchar-989509"
168,Ojasvi,Nori,jasmitkothari@example.net,9.15E+11,"35/95
Nagar Zila, Katni 489357"
914,Wriddhish,Salvi,widisha86@example.org,9633472757,"66/77
Mandal Chowk
Morena 467533"
87,Hemal,Rege,sahotahema@example.com,5504255253,"89/54
Nayak Road, Bhatpara 248475"
308,Gaurang,Talwar,upandya@example.org,2161835926,"H.No. 89, Dara Road
Ludhiana 880179"
596,Hiral,Rajagopal,michael71@example.org,2340525813,"H.No. 576, Chacko
Haridwar 072973"
6,Orinder,Sen,amrita64@example.org,369554169,"H.No. 16, Hayre
New Delhi-485634"
625,Jairaj,Raval,xsastry@example.net,9.1E+11,"189, Boase Ganj, Ranchi 332343"
438,Shivansh,Kothari,lilabhagat@example.org,2396718724,"H.No. 366
Jha Chowk
Erode 542719"
853,Gautami,Bhandari,chanakyabandi@example.org,9118179914,"10/621, Om Circle, Alappuzha-370784"
222,Shivani,Gokhale,viraj18@example.org,5285950839,"514, Gupta Marg
Kottayam 560497"
376,Sanaya,Varughese,dev69@example.com,3102614778,"12/82
Halder Chowk, Thrissur-134844"
71,Ekavir,Chanda,reddylila@example.net,9.1E+11,"438
Pant Marg, Raurkela Industrial Township-623726"
20,Krishna,Chandra,damyantisarna@example.net,9.15E+11,"77/65, Sridhar Path, Danapur 764245"
341,Shivansh,Bajaj,champakbalay@example.net,9436392016,"08, Mukherjee Zila
Chandigarh 469890"
510,Thomas,Edwin,chandani62@example.com,4057820657,"35/531, Gala Circle
Ujjain 654763"
513,Ishanvi,Goel,bgrover@example.net,9.11E+11,"49, Goel Road
Malegaon 235480"
704,Harshil,Gala,sanaya78@example.com,9.16E+11,"37/651, Subramanian Marg
Mathura-440123"
829,Harrison,Ben,karrushil@example.net,6251327664,"36/298
Saha
Ahmednagar-639268"
349,Yatin,Bhattacharyya,bhavikasampath@example.com,4057069933,"H.No. 678
Pau Road
Haridwar 978460"
104,Unni,Kunda,koshyishita@example.net,9.15E+11,"H.No. 373
Khatri Zila
Mahbubnagar-151596"
55,Sara,Sodhi,daksheshbala@example.org,3347431044,"54
Ganesh Marg, Patiala 654957"
992,Vyanjana,Mistry,qasim88@example.org,9.15E+11,"85/70
Vora Street, Sangli-Miraj & Kupwad 966620"
138,Advay,Tandon,xuppal@example.net,1113567215,"H.No. 819, Dara Street, Jalna-491672"
722,Charles,Arora,ishwarkari@example.com,9.12E+11,"997
Choudhry Road, Chennai 286959"
99,Wriddhish,Verma,lalyash@example.net,8120653800,"05/038, Lanka Circle
Gandhinagar-427970"
117,Gagan,Apte,sureshnakul@example.org,6060916621,"82, Iyer Chowk, Chandrapur-331006"
249,Lopa,Lal,sprabhakar@example.org,7444570987,"80/81, Mitter Chowk
Dhule-008740"
710,Tejas,Nigam,chakrabartiveer@example.com,1989760985,"586
Walla Zila
Nadiad-884856"
256,Imaran,Gandhi,kibeagastya@example.net,5241931133,"19/93, Chaudhary Street
Barasat 861106"
919,Ishanvi,Kaul,lgokhale@example.net,2662437296,"40/308
Dash Nagar
Bidhannagar 543503"
167,Om,Subramanian,epathak@example.net,6709600950,"H.No. 98
Bhardwaj Marg
Nangloi Jat-548275"
441,Zayan,Chawla,dharijaya@example.net,9.13E+11,"H.No. 535
Kade Path, Hubli–Dharwad 243151"
420,Aayush,Sinha,binasabharwal@example.com,2677581675,"H.No. 542, Sachar Road, Guntakal-422102"
544,Advik,Anand,darsh03@example.com,9.18E+11,"63/829
Naik, Barasat-189053"
130,Samesh,Batta,duttaarnav@example.org,9303001746,"19/373
Chandra Ganj, Satna 033402"
971,Neel,Morar,sabharwalurmi@example.com,6030644307,"941, Varghese Nagar, Nellore-796650"
544,Advik,Anand,darsh03@example.com,9.18E+11,"63/829
Naik, Barasat-189053"
499,Nakul,Ramachandran,rajagopalanviraj@example.com,9.18E+11,"H.No. 85, Rao
Rohtak 141690"
622,Jeremiah,Kala,keya85@example.com,9.14E+11,"H.No. 523, Agate Nagar
Burhanpur 759875"
452,Champak,Mall,champak65@example.com,9.18E+11,"15/28, Ramakrishnan Zila
Jamalpur-966874"
929,Forum,Choudhary,fhalder@example.com,5377212262,"226, Guha Ganj
Rourkela-454774"
775,Fiyaz,Kalita,ranbirrajagopal@example.org,8000023738,"89/88, Narayan Road, Dhule-547164"
360,Logan,Sarma,atella@example.org,2722420098,"290
Sangha Circle
Karimnagar 932989"
765,Yashica,Bansal,chakradharshankar@example.com,9171687207,"13/44, Bhatti Path
Siliguri 118411"
208,Benjamin,Wali,dalalowen@example.org,1873657407,"383, Chakrabarti Nagar
Aurangabad 995609"
600,Ranveer,Badami,deochampak@example.org,9.11E+11,"46/85
Jayaraman Zila, Bhubaneswar-564359"
21,Hemangini,D’Alia,ria87@example.org,9.17E+11,"H.No. 974, Mani Nagar
Kulti-159228"
475,Mahika,Mitter,gaganuppal@example.net,9.1E+11,"411, Baria Street, Belgaum 354086"
767,Nathan,Singhal,tanveershroff@example.org,3595025464,"H.No. 49
Kalita Marg
Sirsa 293809"
639,Bimala,Shukla,chahalqushi@example.com,1685317277,"32/592, Gaba Path, Satna-168895"
64,Lakshit,Bakshi,voraanya@example.net,9.14E+11,"88/151
Gour Nagar
Bahraich 677845"
380,Neha,Krish,rakshagoel@example.com,9.16E+11,"H.No. 904, Nagarajan Nagar
Alwar 653031"
845,Yash,Apte,yashica61@example.org,9.19E+11,"45
Bassi Path
Maheshtala 209891"
257,Lajita,Warrior,kaurdaksha@example.com,5480006516,"17/900
Basu Circle
Burhanpur-002580"
547,Mugdha,Halder,tchandra@example.org,9.1E+11,"492, Mistry Path
Saharanpur 083678"
657,Anmol,Mukherjee,onkar47@example.com,9.19E+11,"H.No. 95
Sachdeva Circle
Barasat 798513"
84,Zarna,Kunda,udixit@example.com,9.2E+11,"H.No. 629
Kamdar Ganj, Ludhiana 025163"
923,Rudra,Nair,mmorar@example.com,3781915787,"00/346
Seshadri Road
Kumbakonam-551302"
697,Vasana,Master,epandey@example.net,3823479246,"24/081
Gera Road
Jodhpur-178466"
443,Chavvi,Hayer,nakul25@example.net,1098375952,"32/86, Wagle Chowk, Nizamabad 534054"
915,Gunbir,Guha,srinivasannihal@example.com,8569122773,"990, Dutt Street
Hajipur 619619"
982,Vivaan,Kaur,tanveerkohli@example.com,9154497093,"46
Sarna Road
Shimoga-838625"
186,William,Pai,bkhatri@example.org,8919768895,"H.No. 817
Goda Path, Sultan Pur Majra 255960"
891,Dev,Jaggi,yashawini36@example.com,2818297482,"H.No. 22
Goyal Nagar
Satara-242886"
993,Ikshita,Dhar,jagat79@example.com,3856345153,"42/00, Dara Zila, Berhampore 602610"
944,Raghav,Pradhan,hiral75@example.com,9317509572,"H.No. 29, Ganesh Chowk
Raipur-572646"
154,Laban,Arya,shaurya57@example.org,9.14E+11,"37, Bandi Street
Gandhidham 692567"
80,Shivani,Borra,shereatharv@example.net,7867078804,"H.No. 562, Thaman, Tadipatri 456660"
851,Abha,Golla,mohammed63@example.com,6982305804,"68/746
Dubey Nagar, Kurnool-004257"
591,Charita,Aurora,brao@example.net,5113495654,"H.No. 12
Balan Path
Berhampore 331521"
989,Hema,Dave,dattawahab@example.net,2623181533,"H.No. 372, Brar Road
Yamunanagar-534314"
456,Tanish,Bahri,bassichameli@example.net,4428143653,"270
Rajagopalan Street, Aurangabad 704031"
325,Samarth,Prasad,jananiborah@example.com,6924038605,"697, Balasubramanian Ganj
Warangal-296301"
871,Yatin,Talwar,ekantaapte@example.com,9.11E+11,"41/002, Samra Zila
Bhiwani-731638"
972,Wazir,Ramesh,rayjacob@example.net,9.13E+11,"18, Gala Circle
Loni 619276"
910,Nakul,Das,timothynagarajan@example.com,7105408119,"96
Dua Ganj
Imphal 517319"
925,Shivani,Chaudhry,xgokhale@example.org,9.15E+11,"601, Modi Path
Ghaziabad-706267"
484,Ayaan,Gopal,ekaja99@example.net,6382855548,"27/174
Majumdar Circle, Orai 587546"
375,Orinder,Hora,ansh47@example.com,4183620354,"94/554
Lata Marg, Jaunpur-871914"
781,Anay,Sahni,sahotaom@example.org,9.19E+11,"50/20
Grewal Street, Shimoga-280550"
34,Nidhi,Hegde,adugar@example.com,3093004298,"69
Kalla Road
Malda-385372"
926,Brinda,Chad,shettyabhimanyu@example.org,3604378176,"H.No. 013, Bora Road
South Dumdum 369741"
817,Avi,Morar,shauryakale@example.org,9.17E+11,"06, Char Circle
Gangtok-927168"
557,Umang,Kapur,adey@example.net,7923917485,"H.No. 52
Dugal Marg
Bareilly 355985"
240,Nitara,Dugar,borahshivani@example.com,9.19E+11,"62
Chowdhury
Rourkela-673395"
399,Falguni,Hegde,chadachakradhar@example.net,9819042270,"H.No. 02
Dua
Gulbarga-955196"
369,Radha,Wadhwa,vyanjanasaraf@example.com,9.17E+11,"36
Yohannan
Dharmavaram 002905"
896,Christopher,Kalita,jatin77@example.net,8362868963,"H.No. 491, Chana Chowk
Ulhasnagar 383989"
4,Sneha,Puri,iminhas@example.com,3653261528,"39/74, Khatri Nagar
Nagercoil-044423"
463,Chavvi,Agrawal,tbhalla@example.com,6202095058,"179
Hayre Chowk, Ahmedabad-219988"
828,Bhavini,Kanda,agatedaksha@example.net,1853355460,"31, Jhaveri Circle, Kulti 847299"
142,Warinder,Jhaveri,chaitanya49@example.org,9178576611,"297, Anne Marg, Gurgaon 576952"
135,Oviya,Prashad,chavvimagar@example.com,9.11E+11,"099
Barman Zila
Nizamabad 276206"
763,Rishi,Contractor,ebala@example.org,9.11E+11,"130
Dass Road, Ballia 764700"
437,Victor,Magar,choudharytamanna@example.com,5207112130,"H.No. 593, Ratti Zila
Ambattur-441806"
909,Bimala,Parekh,lokeomya@example.net,9.14E+11,"86
Seshadri Nagar
Udupi-142636"
850,Vedhika,Setty,xitidalal@example.org,4481855857,"H.No. 64, Sama Marg, Tinsukia 962546"
435,Leena,Kamdar,jpalan@example.org,9.16E+11,"H.No. 959, Mukherjee Nagar, Nizamabad-721898"
,Adwait,,,989094,
164,Ati,Mutti,sarajaggi@example.com,1713514121,"86/76, Sandhu Path
Noida-250359"
512,Yatan,Pingle,cpau@example.org,3458399244,"70/961
Garg Nagar
Katni 048759"
503,Yashawini,Yohannan,lsinghal@example.org,4031713658,"60
Subramanian
Deoghar-013108"
784,Tanveer,Pingle,anthonysharma@example.org,9.2E+11,"489, Reddy Zila, Singrauli-524416"
235,Advay,Ravi,kashish65@example.net,771081585,"99/853, Tak Road, Kirari Suleman Nagar 216090"
251,Laksh,Sarin,flad@example.com,9.12E+11,"71/246
Chaudhry, Amravati-866149"
776,Avi,Sachdev,krishnahemang@example.com,7784675768,"049, Pandey Marg, Kalyan-Dombivli-342738"
347,Vinaya,Bajwa,nigamudarsh@example.com,9810853453,"45
Chahal Circle
Loni-855579"
322,Yug,Bhasin,anay83@example.com,8663693661,"92/72
Pai Path, Jehanabad 008786"
692,Balhaar,Balay,fgrover@example.com,9275411345,"H.No. 60, Dubey Path, Shivpuri-315147"
655,Imaran,Das,ekajavarty@example.com,9586123148,"47/565
Saha, Serampore 285546"
656,Lila,Sabharwal,kyohannan@example.net,3188689431,"64/69, Ravel Path, Serampore 271171"
846,Lila,Sankaran,sehgalrajata@example.org,7509161217,"43/38, Rattan Marg, Chandrapur-237815"
260,Jagrati,Patel,duajonathan@example.com,9.11E+11,"13/087, Pingle Chowk, Sasaram-349291"
401,Mugdha,Gole,yuvrajramakrishnan@example.net,9.14E+11,"59, Sagar Ganj, Hindupur 270109"
5,Darpan,Krish,rachit96@example.org,9.13E+11,"93/69, Gill Chowk
Satna 759345"
239,Aashi,Andra,nairhema@example.com,4638536626,"35/376
Guha Path
Aurangabad-926487"
689,Charles,Swamy,geetika80@example.org,2066826891,"327, Pingle
Morbi 287686"
996,Aryan,Morar,rachit51@example.net,9.17E+11,"H.No. 77, Raj Path, Korba 946470"
758,Oeshi,Karpe,lallakavya@example.org,3782769658,"033
Venkataraman Ganj
Delhi-475659"
665,Qasim,Mital,kabir47@example.com,9.12E+11,"H.No. 40
Shenoy
Raipur-044926"
658,Brijesh,Dara,deofinn@example.net,8578568269,"83
Roy Ganj
Nanded-788309"
682,Oscar,Shetty,fvarty@example.org,3827919210,"84/327
Dar
Asansol-177262"
565,Zaid,Khanna,dsani@example.net,9.18E+11,"651, Kaul Street
Chinsurah-229430"
556,Faraj,Bassi,gmitra@example.org,1316316087,"24
Iyer Marg
Chandrapur-152395"
814,Sanaya,Mahajan,desailila@example.net,6211175013,"60/285, Raval Ganj, Hazaribagh-437814"
968,Peter,Kumar,leena17@example.net,9.12E+11,"H.No. 785
Munshi Nagar
Durgapur-732304"
416,Luke,Tara,mugdhadhar@example.net,417530687,"26/48, Tiwari Ganj
Thane-991980"
892,Parth,Khalsa,bmandal@example.net,7865452283,"66/040
Batta Chowk
Chennai 315435"
717,Utkarsh,Golla,vohraekaraj@example.com,9983425538,"60/609, Khurana Nagar
Khandwa 311185"
897,Yasti,Manda,bbutala@example.net,9.1E+11,"H.No. 13
Mand Street
Patna-639183"
862,Mohammed,Nayak,cshan@example.com,233987879,"70, Badami Street, Thoothukudi-921906"
28,Banjeet,Kota,murthylavanya@example.net,4201896033,"78/452
Bawa Marg, Katni 173710"
424,Jonathan,Baral,girik02@example.com,6805759805,"16/38, Krishnamurthy Chowk, Saharsa-133066"
671,Anya,Walia,lgrover@example.com,4401328723,"88
Doshi Path
Kamarhati 613943"
995,Gaurav,Chacko,hsengupta@example.net,3340828919,"089, Gala Road
Rourkela 783931"
305,Kashvi,Deshpande,fpatel@example.org,4845605185,"627, Agate Path, Dharmavaram-559368"
823,Finn,Nair,omkaarnadkarni@example.net,6623095045,"56/968, Goswami Ganj, Buxar 635958"
628,George,Dhillon,tanmayi86@example.org,9.17E+11,"80/49, Dara Street, New Delhi 558750"
334,Ladli,Grover,lukesem@example.org,688545645,"703
De, Bahraich 621781"
149,Janya,Chadha,cbansal@example.net,120700004,"20
D’Alia Ganj
Raurkela Industrial Township-676944"
362,Dhruv,Kurian,kumerrayaan@example.org,2170324239,"17, Koshy Marg, Chinsurah-547686"
839,Lohit,Gola,groverhemal@example.com,6514677835,"12/806
Kant Zila, Rajkot 339946"
317,Janaki,Saran,bhavika83@example.net,2286177437,"51, Nath, Raiganj-230541"
419,Gaurangi,Chad,ydoctor@example.net,9.16E+11,"43, Srinivas Marg, Mirzapur-198863"
793,Joshua,Zachariah,dashyashoda@example.org,3117015981,"72/258
Sahota Road, Karaikudi-713505"
377,Ekaraj,Mahajan,myadav@example.com,5398578872,"H.No. 47, Padmanabhan Ganj, Tumkur 823364"
799,Nathan,Nagy,lajitadutt@example.org,4275957347,"57/50
Chahal Chowk, Anantapur-027520"
780,Wahab,Tara,bhavsarhemal@example.org,6513461544,"28/02, Dora Zila, Kota 327295"
403,Gavin,Sankar,ekaja77@example.com,575807219,"53/330, Maharaj Path
Rajahmundry 117141"
96,Amaira,Krishnan,kamyadua@example.com,9.12E+11,"49/13, Acharya
Nanded-056263"
340,Aachal,Modi,nigamsamarth@example.net,9892212447,"85/02
Parekh Road, Surendranagar Dudhrej 840784"
447,Darsh,Gokhale,mittalkaran@example.com,2146824765,"849
Shroff Zila, Munger 022559"
659,Ishita,Mall,odeol@example.net,9025372117,"70, Arora Zila, Secunderabad-016734"
10,Jagat,Walia,unazareth@example.org,9.15E+11,"890, Basak Nagar, Bettiah-799605"
146,Chanchal,Manne,bhatiapavani@example.com,7226018948,"H.No. 52
Som Chowk, Nanded-064253"
505,Samaksh,Nanda,yashodhara34@example.net,1690042666,"19/522, Solanki Ganj, Nagaon 804890"
734,Finn,Sheth,kalitaindali@example.net,9.14E+11,"H.No. 92
Patla Ganj, Nagercoil-461408"
700,Yug,Atwal,chasmum89@example.com,9.16E+11,"H.No. 71, Mall Ganj, Sri Ganganagar-873115"
129,Mahika,Srivastava,nathchampak@example.com,7733178875,"30/846
Sama Marg, Surendranagar Dudhrej-380996"
748,Guneet,Kalla,dalbirkalita@example.net,245475019,"H.No. 547
Muni Street, Sonipat 464079"
58,Henry,Mitra,xsekhon@example.net,6489919624,"04/912
Mannan Marg, Vijayanagaram-088028"
827,Thomas,Baral,nagicharvi@example.org,9436032366,"87/79, Mandal Ganj
Kanpur 419180"
945,Vyanjana,Dhar,chakradevvala@example.org,7256412151,"H.No. 205, Kalla Path, Bilaspur-340629"
,Varsha,Pathak,,879,
230,Balendra,Thakkar,gangaandra@example.org,3635504569,"H.No. 12, Swamy Zila, Ajmer-225825"
836,Priya,Tata,upmakala@example.org,8583542214,"H.No. 38
Wason Ganj, Jorhat-152179"
228,Amaira,Kunda,eta11@example.net,182136519,"75/95, Sha Zila, Bulandshahr-305609"
131,Jacob,Ratta,sonimason@example.com,9.16E+11,"H.No. 563
Shan, Ahmedabad-483941"
106,Ranbir,Bail,vihaanramesh@example.com,5933324138,"80/366
Chanda Zila
Udaipur 250884"
348,Guneet,Aurora,xwason@example.com,9.1E+11,"14/41
Borde, Rohtak-783762"
716,Chanchal,Shetty,tarak67@example.com,9474814202,"05, Nori Chowk
Bhilwara-544114"
560,Shivansh,Bumb,urishilla44@example.com,3384920158,"H.No. 046, Bhatt Zila, Baranagar-494004"
97,Libni,Bal,lbal@example.com,9.12E+11,"02/962
Morar Nagar
Vasai-Virar-053597"
326,Tanay,Shetty,jeevika09@example.net,9.16E+11,"59/81
Bera Path
Kolhapur-255231"
197,Madhavi,Gour,randhawahemangini@example.net,2613506697,"H.No. 962
Dutta Circle
Medininagar-348057"
635,Jagat,Mane,tkhanna@example.net,9.1E+11,"602
Ganesan Marg
Ambala 648026"
218,Om,Naik,jagat76@example.com,1777074060,"H.No. 854
Mangal Street, Unnao-606205"
199,Ganga,Jayaraman,ksawhney@example.net,9.12E+11,"H.No. 19, Sahota Marg
Madurai 560658"
214,Kritika,Sunder,waidadua@example.net,5233109842,"H.No. 266, Guha Chowk, Firozabad-124038"
490,Vanya,Acharya,neel95@example.net,9.15E+11,"25
Mitra Zila, Sultan Pur Majra-233688"
626,Arin,Raman,anusha80@example.org,3289526001,"91/702
Chadha, Kanpur-100010"
713,Naveen,Minhas,nsahni@example.org,9.18E+11,"H.No. 140
Saxena Street, Narasaraopet-859273"
29,Lila,Bajwa,ladomya@example.com,9.16E+11,"258, Srinivasan Street, Guna 202177"
695,Kamala,Sethi,rayaannath@example.org,9.12E+11,"44/30, Narula Chowk, Morbi-832021"
284,Urmi,Sami,irana@example.net,9.12E+11,"53/06
Gour Chowk, Chapra 221983"
838,Advaith,Sehgal,indirabala@example.net,6131673922,"04/40, Sekhon Circle, Sagar-855443"
455,Mekhala,Goswami,samiorinder@example.net,1989841532,"71/461
Halder Road
Shahjahanpur 501354"
242,Omya,Swamy,charitanazareth@example.net,7574872005,"02
Saxena Chowk
Alwar-208666"
404,Hiral,Menon,balvan43@example.org,9.16E+11,"02/85
Hans Road
Kalyan-Dombivli-977984"
293,Gagan,Balay,bishakhagala@example.org,8854928724,"28, Arya Chowk
Jehanabad 058027"
247,Vansha,Pradhan,hemangini75@example.org,7505025675,"26/888
Mitter, Jamalpur-961363"
172,Eshana,Pall,nbedi@example.org,3124740021,"H.No. 752, Wagle Ganj
Tiruvottiyur 055970"
941,Yutika,Bali,qmajumdar@example.net,4801892497,"H.No. 96
Thakkar Ganj, Bhavnagar 705441"
589,Priya,Gala,iprashad@example.org,3987800293,"76/27, Ramesh Street, Dewas 411474"
239,Aashi,Andra,nairhema@example.com,4638536626,"35/376
Guha Path
Aurangabad-926487"
680,Chatura,Pai,gaurikasom@example.net,7320672619,"H.No. 47, Bumb Road, Tenali-679065"
76,Elijah,Bhandari,gangulyurvashi@example.org,9.19E+11,"50/615, Anne Marg
Bihar Sharif 210026"
714,Meghana,Chaudhary,bhandaridarika@example.net,9727945020,"H.No. 84, Sant Street, Tumkur-021883"
345,Aarna,Muni,hsingh@example.net,9916855795,"H.No. 52, Pingle Road, Dharmavaram 208843"
337,Yashoda,Karan,ydhillon@example.org,9.15E+11,"H.No. 11
Garde Marg, Varanasi 379616"
859,Yamini,Gade,faris89@example.com,625412417,"H.No. 07, Bose Chowk
Silchar-039813"
348,Guneet,Aurora,xwason@example.com,9.1E+11,"14/41
Borde, Rohtak-783762"
791,Aarnav,Lall,yaminijayaraman@example.net,1203042065,"80/372, Sarkar Ganj
Maheshtala 805085"
127,Ojas,Dave,walixiti@example.org,9.14E+11,"74
Suri Nagar
Unnao 183896"
174,Champak,Kant,indali51@example.org,9969769635,"H.No. 492, Khalsa Marg, Karimnagar 754138"
440,Rachana,Seth,vohranaveen@example.org,4799274089,"885
Krish, Vellore-878076"
598,Manbir,Krishnan,devanganga@example.com,9.15E+11,"225, Baral Zila
Hindupur-556597"
37,Anusha,Kade,meghavyas@example.net,8772662060,"H.No. 981, Palla Road, Sultan Pur Majra-321155"
124,Maanas,Arya,parth04@example.net,5901577266,"94/41, Barad Circle
Ongole 308712"
301,Leela,Anand,hoza@example.org,3434044033,"92
Dhillon Nagar, Aizawl 350668"
696,Peter,Bandi,tsule@example.org,2688579818,"256, Verma Marg
Kirari Suleman Nagar-306031"
688,Tanvi,Sura,zbatra@example.net,9.16E+11,"H.No. 86, Babu Chowk
Khammam-953762"
727,Charvi,Bandi,januja34@example.org,9.11E+11,"61/51, Suri Road
Nangloi Jat-138126"
237,Faris,Morar,ramaswamyradhika@example.org,9.19E+11,"H.No. 831
Bhat Road, Meerut-848394"
300,Chavvi,Kulkarni,aachalmohanty@example.org,7674996955,"H.No. 36, Badal Marg
Anantapur-898257"
796,Mohini,Ahuja,jagvimody@example.com,8927999678,"48/20
Gopal Circle
Bidhannagar-760896"
984,Devansh,Kara,yaminidhawan@example.net,9.11E+11,"70/146, Kohli, Bhilai-880322"
91,Ekiya,Ram,leenadeep@example.net,6079715811,"508
Dara Path, Uluberia-895585"
290,Michael,Mammen,tellagirik@example.com,8863104793,"90/36
Minhas Circle, Danapur-292131"
225,Amrita,Vasa,bobaljanaki@example.net,9.11E+11,"H.No. 30
Vyas Ganj, Motihari-242312"
143,Praneel,Mittal,jagratibatra@example.net,9.2E+11,"H.No. 745
Pathak Marg, Giridih-824803"
858,Harita,Ramakrishnan,voradhriti@example.net,2610416966,"155, Nayak Path
Kakinada 330545"
205,Damini,Wable,jgrover@example.com,9.19E+11,"79/67
Nigam Marg
Salem 421344"
485,Darika,Sankar,venkateshanmol@example.net,8043727571,"H.No. 532
Sarraf Street, Cuttack-798505"
281,Lajita,Chokshi,riya18@example.com,9462007798,"045
Naik Nagar
Panchkula-625415"
32,Baljiwan,Ramakrishnan,rushilmann@example.net,9799870469,"57
Anne Marg
Aurangabad-238132"
761,Chatura,Warrior,aadi62@example.com,9.12E+11,"11, Chana Chowk
Mathura 078177"
822,Bhavika,Som,vasatikasundaram@example.org,9.12E+11,"H.No. 81, Bal, Thoothukudi-962263"
341,Shivansh,Bajaj,champakbalay@example.net,9436392016,"08, Mukherjee Zila
Chandigarh 469890"
100,Tanmayi,Pillai,alexanderchaudhry@example.com,9.14E+11,"06/585, Korpal Street, Malda-004229"
825,Gautam,Sundaram,dev95@example.net,8965968513,"H.No. 413, Koshy Road
Jaunpur-640851"
120,Maanav,Jani,bhegde@example.org,3523467804,"79/406
Palan Marg
Thiruvananthapuram-559720"
124,Maanas,Arya,parth04@example.net,5901577266,"94/41, Barad Circle
Ongole 308712"
538,Hitesh,Soman,jonathan03@example.com,9.17E+11,"47/189, Murthy Street
Latur 241751"
229,Urishilla,Murty,abhiram38@example.org,9.19E+11,"57/82, Chopra Path
Tenali-296818"
669,Lila,Sarraf,subramanianlipika@example.org,9.17E+11,"69, Yohannan, Kochi-776388"
231,Kiaan,Saha,oeshi65@example.net,9.15E+11,"03/326, Rau Street
Gudivada-878269"
738,Gaurika,Pingle,finnbhat@example.net,9025926864,"11/109
Devi Marg
Srikakulam 342326"
920,Bhavna,Naik,udarsh50@example.org,9.2E+11,"78/26
Sengupta, Bokaro 586327"
24,Eesha,Soni,ryan96@example.com,9.19E+11,"031
Sehgal Path, Srikakulam 004640"
864,Neel,Dey,kalpit95@example.com,694385585,"H.No. 490
Rajan Marg, Ratlam-083239"
651,Vidhi,Kohli,hritik63@example.net,9.11E+11,"H.No. 005
Hora Chowk, Chandigarh 580780"
965,Triveni,Ram,chaudharirohan@example.org,5151410045,"72, Wason Chowk, Begusarai-004493"
490,Vanya,Acharya,neel95@example.net,9.15E+11,"25
Mitra Zila, Sultan Pur Majra-233688"
606,Caleb,Agate,luke59@example.net,1322996789,"66/13
Kakar Ganj, Ongole-327878"
783,Aashi,Varughese,utalwar@example.net,1104065344,"23/721, Prabhu Chowk
Bhilwara 396915"
664,Jeet,Taneja,doshiaahana@example.net,7023578439,"99/967
Rastogi
Bhubaneswar 499897"
700,Yug,Atwal,chasmum89@example.com,9.16E+11,"H.No. 71, Mall Ganj, Sri Ganganagar-873115"
92,Priya,Datta,meghanabali@example.com,9.15E+11,"H.No. 75, Sathe
Raurkela Industrial Township-808471"
549,Gaurang,Gill,savantisha@example.org,9.11E+11,"H.No. 93
Pillai Ganj
Muzaffarpur 737355"
86,Megha,Tank,ekata@example.com,9.16E+11,"07/92, Gulati Marg
Amroha-551610"
160,Leena,Sekhon,chameli02@example.net,9.11E+11,"34
Khare Path, Mathura 074797"
755,Elijah,Bahl,sethchandran@example.net,7897283899,"84, Luthra Path
Guna 260853"
857,Alexander,Ganesan,isaacbasu@example.net,9.2E+11,"09, Sen Path, Giridih-665013"
,Rucha,Rane,,980,
110,Hritik,Kashyap,rchar@example.net,9.14E+11,"34/33
Gola Street
Katni-145424"
461,Anjali,Pandya,mdora@example.net,2144137834,"H.No. 303, Raja Marg, Bidhannagar 398690"
952,Aachal,Kothari,ucchal64@example.net,9.17E+11,"H.No. 96
Dave Zila, Rohtak-840136"
712,Osha,Thaker,sachdevaekaraj@example.com,7948692336,"458
Arora Path
Farrukhabad 884512"
959,Diya,Goswami,manyaarya@example.com,9.2E+11,"112
Chhabra Path
Mangalore-258204"
660,Wakeeta,Dua,gaurang46@example.com,9.12E+11,"29/08, Guha Nagar
Anand 638975"
154,Laban,Arya,shaurya57@example.org,9.14E+11,"37, Bandi Street
Gandhidham 692567"
201,Tejas,Mital,dugareta@example.net,9.1E+11,"974, Sule Street
Surat 408308"
277,Jagat,Bajwa,kashvidubey@example.org,9.14E+11,"H.No. 25, Kara Nagar, Machilipatnam 923416"
35,Gaurika,Bhasin,chandran83@example.org,9.11E+11,"27/45
Setty Circle
Hospet-880605"
987,Jackson,Bal,buchmanthan@example.org,5528164515,"03/61, Dube Path
Bokaro-336613"
156,Watika,Koshy,dassekaja@example.com,8489257456,"01/886, Nori
Jaunpur 172994"
979,Harshil,Dass,sureshdeepa@example.org,4460819381,"H.No. 183
Ravel Circle
Miryalaguda-094673"
601,Harsh,Bhavsar,nisha98@example.com,9.15E+11,"20/423, Rai Road, Allahabad-315709"
567,Jairaj,Madan,choudharyraghav@example.net,9.17E+11,"00/69
Rajan Zila
Bokaro-765144"
188,Sai,Kakar,dhritiparmer@example.org,9.16E+11,"164
Bhandari Marg, Dhule-492271"
545,Ekaraj,Keer,cvirk@example.org,5931247286,"49/239
Iyengar Path
Mehsana 101744"
233,Maanas,Barad,pbadal@example.com,9425789189,"95
Chakraborty Street, Shimla-227534"
259,Dayita,Prashad,advikasarma@example.org,1332855349,"00/305
Bal Circle, Narasaraopet 827326"
189,Sai,Vohra,atiaurora@example.org,2571885091,"H.No. 716, Kala, Dewas 781767"
908,Omkaar,Gulati,meghasani@example.org,9.14E+11,"39/73
Sama, Hospet 124400"
1005,,,,1000,11
173,Om,Lalla,abeer39@example.net,8738919690,"19/359, Nayar Chowk
Bardhaman-758170"
398,Samar,Madan,anusha32@example.org,7447278158,"02/697, Borra Road, Katni-363167"
216,Bachittar,Hayer,deepayush@example.org,9.16E+11,"32/80, Boase Path, Mahbubnagar 448883"
105,Jagdish,Kapoor,bnayak@example.com,7419023478,"23/85
Roy Path
Sasaram 945605"
319,Yahvi,Sathe,egara@example.com,5392343324,"44/37
Badal Zila, Noida-280914"
608,Bhavya,Modi,agrawalkalpit@example.org,5280697239,"37
Verma Circle, Cuttack 784616"
986,Pallavi,Raman,nidhiravi@example.com,9.13E+11,"69/250
Chhabra Marg
Jamnagar 920479"
442,Jonathan,Taneja,azaan25@example.net,6346972865,"915
Chacko Chowk
Bijapur 107892"
621,Eta,Narain,qthaker@example.com,1504981399,"H.No. 672, Basak Marg
Kalyan-Dombivli-134947"
111,Kevin,Bahl,senchasmum@example.net,294496284,"89
Ganguly Circle
Sasaram 370122"
460,Nakul,Nadkarni,bajwajasmit@example.com,7714355135,"H.No. 95, Bal Chowk
Motihari-218792"
338,Harsh,Bali,udantgera@example.net,7006026810,"08
Srinivasan Street
Moradabad 038542"
224,Utkarsh,Rau,lkata@example.com,9.19E+11,"15/42
Gandhi
Avadi-062001"
990,Raagini,Bava,liam89@example.net,3156431353,"86
Krishnan Ganj, Chandrapur-929886"
632,Shivansh,Swaminathan,chowdhuryxiti@example.com,5824134463,"74/26
Oza Chowk, Bardhaman 257012"
747,Teerth,Sarma,golegarima@example.com,803664161,"H.No. 52
Raghavan Ganj, Guntur 478286"
458,Wridesh,Srivastava,ijaggi@example.org,9.15E+11,"261
Bhatti Chowk
Bhavnagar 710114"
57,Oviya,Gara,prajagopal@example.org,5616789985,"34/41, Vala Zila, Panvel-467196"
650,Megha,Rastogi,kalpit84@example.org,1286725501,"42, Venkatesh Path, Amroha 611612"
849,Noah,Mital,oeshibhargava@example.org,6034449393,"69/303, Maharaj Chowk
Ludhiana 780230"
115,Nirja,Vasa,srivastavaikbal@example.com,3920913794,"27
Devan Road, Bhiwani-140154"
482,Jasmit,Cherian,devikasahni@example.com,8223762275,"32/47
Garg Ganj, Akola 691069"
353,Wakeeta,Sachdev,ucchalahluwalia@example.net,9.14E+11,"330, Basak Ganj
Bijapur 700548"
792,Pranit,Iyer,aarini07@example.org,9.13E+11,"81/169
Sahota, Sangli-Miraj & Kupwad 790906"
162,Chanchal,Bhatia,harishmemon@example.com,2932168,"H.No. 86
Khalsa Chowk, Shivpuri 051808"
675,Nikita,Peri,isinha@example.com,1600151093,"473, Panchal Marg
Pondicherry-098800"
206,Ishanvi,Sharaf,xpingle@example.com,2762002050,"77, Rai Zila, Nagpur-354347"
642,Faris,More,alka01@example.org,925608842,"H.No. 911
Korpal Road, Bikaner 671815"
845,Yash,Apte,yashica61@example.org,9.19E+11,"45
Bassi Path
Maheshtala 209891"
731,Ronith,Sathe,tkarnik@example.net,2842740784,"214, Shanker Road, Amravati 146997"
116,Ekapad,Sathe,mandalkala@example.org,4569119777,"28/372, Warrior Street
Mehsana 643190"
264,Kai,Dugar,alexander33@example.net,2522617648,"H.No. 99, Issac Ganj
Danapur 095735"
624,Ira,Pai,rdhar@example.net,4463987246,"30/840, Pathak Circle
Ichalkaranji-105119"
933,Reyansh,Mutti,mitterdarika@example.org,9.14E+11,"H.No. 05
Barad Ganj, Mirzapur 824356"
234,Fiyaz,Naik,barmanladli@example.com,8850102576,"H.No. 74, Vora Street, Avadi 757938"
357,Aashi,Talwar,jhalakhans@example.net,9.11E+11,"H.No. 42, Apte Street
Salem 737750"
743,Avi,Chacko,lavanyakrishnan@example.com,1171992787,"191, Madan Road
Udupi 834385"
631,Sudiksha,Om,brahmbhattbalhaar@example.net,9.11E+11,"827
Patil Nagar
Bhimavaram 315020"
693,Arjun,Kothari,dbali@example.net,740523505,"H.No. 41, Kant Street
Dindigul-768146"
252,Neha,Thakkar,abrahmbhatt@example.net,9.11E+11,"35/814, Konda Road
Pimpri-Chinchwad-020713"
313,Varenya,Vora,tooryashodhara@example.net,5835313609,"H.No. 09, Subramaniam Zila
Dehri-872954"
4,Sneha,Puri,iminhas@example.com,3653261528,"39/74, Khatri Nagar
Nagercoil-044423"
736,George,Puri,godapooja@example.com,5356809337,"62/264, Sarma Ganj
Begusarai-633632"
213,Manan,Aurora,darshsoman@example.com,1218301061,"04
Wadhwa Path
Kolhapur-593918"
634,Chanakya,Chaudhari,cparsa@example.org,934055255,"H.No. 19
Chana Chowk
Bhagalpur 698909"
323,Laksh,Dhingra,hmadan@example.net,9.16E+11,"66/772
Bose Nagar, Rohtak 910713"
681,Kamala,Goswami,sundaramnihal@example.com,2098280086,"H.No. 765
Sankaran Marg, Dhule-579455"
821,Avni,Issac,wyatt50@example.com,9.17E+11,"074
Gill Nagar
Karawal Nagar-328293"
429,Chandran,Rajagopalan,ravichatura@example.net,6656000020,"H.No. 676, Singhal Circle
Vijayawada 984730"
787,Aadi,Sha,murthysarthak@example.net,1615075601,"H.No. 077, Loyal Zila
Ghaziabad-345317"
169,Wridesh,Prabhu,kashishdhawan@example.org,1666736652,"99/951
Keer Nagar, Amroha 195361"
916,Nitesh,Mangal,dakshasarna@example.net,6878634560,"H.No. 619, Shenoy Chowk, Sagar 603954"
365,Upadhriti,Tak,warhi51@example.com,3656207026,"H.No. 331
Swaminathan Circle
Burhanpur 955128"
417,Yashoda,Varma,aashiminhas@example.com,8169215544,"36, Mammen, Lucknow 702887"
957,Arin,Maharaj,balayprisha@example.org,8493807762,"H.No. 602
Chakraborty Street, Loni-243612"
780,Wahab,Tara,bhavsarhemal@example.org,6513461544,"28/02, Dora Zila, Kota 327295"
335,Advik,Raj,maanasmaharaj@example.org,9.14E+11,"H.No. 382
Kapur Road, Ulhasnagar 256138"
893,Oeshi,Raj,rauzayyan@example.org,1739572657,"80/718
Lalla Zila, Jhansi-364018"
595,Tanay,Bandi,charles77@example.com,9.13E+11,"85/07, Bains Street
Baranagar-184179"
807,Baljiwan,Keer,kavyaborde@example.org,3534658608,"H.No. 416
Sheth Ganj
Rourkela 043866"
978,Unni,Mahal,saihegde@example.net,3010022468,"H.No. 75, Bhasin Street
Siwan-818190"
552,Reyansh,Vasa,falannori@example.net,8413677594,"31
Chana Ganj, Siliguri-361784"
315,Oeshi,Koshy,shereupasna@example.com,603750285,"54, Bala Street
Mirzapur 897378"
295,Samar,Doshi,ipatla@example.com,5524347095,"510
Kapadia Marg, Ghaziabad 379621"
166,Ojasvi,Shan,unatt@example.com,7796724761,"75/054, Mital Circle
Hajipur-717950"
68,Aashi,Goyal,jason97@example.org,9.14E+11,"H.No. 98
Palan Path, Berhampur 397423"
147,Vivaan,Subramanian,vrishtibalan@example.com,8911466954,"H.No. 65
Loke, Ambala 138971"
318,Onkar,Dayal,nayakabhiram@example.net,1091830673,"32
Venkatesh Circle, Varanasi-284592"
33,Chaitaly,Dey,ekta61@example.net,7385840404,"262, Shukla Chowk, New Delhi 496736"
737,Dipta,Ramanathan,ekarajpall@example.com,6158860195,"43/67
Shanker Chowk, Dharmavaram 209423"
151,Yauvani,Pai,rpau@example.net,9764081665,"12/33
Soni Chowk
Jalandhar 615012"
354,Warinder,Goswami,narainvedhika@example.net,9.12E+11,"H.No. 23, Subramanian Nagar, Jammu 146383"
1,Edhitha,Atwal,zayyan43@example.com,234852317,"96/24
Narayan Nagar, Ranchi 232760"
215,Gauri,Prabhu,harrison79@example.com,1045170522,"77, Patla Chowk, Nangloi Jat 104479"
878,Kamya,Bains,qabilnarula@example.net,9.17E+11,"H.No. 31
Khalsa Road, Srinagar-739719"
573,Nihal,Dhingra,aadhyade@example.org,7057523835,"990
Sule Street, Maheshtala 410884"
899,Pratyush,Pillai,cbarad@example.org,9.19E+11,"H.No. 673
Mammen
Anand-095899"
42,Frederick,Bajwa,janujasule@example.org,2426697359,"H.No. 59, Kanda Chowk, Satna-157918"
865,Bhanumati,Bansal,vedakonda@example.com,8739025950,"H.No. 61, Bedi Zila
Machilipatnam 893301"
439,Yauvani,Behl,chanakya76@example.net,7128895816,"H.No. 50
Sarma Zila, Khora  370690"
155,Thomas,Lad,ubawa@example.com,7771708989,"28/76
Mutti Circle
Arrah-021927"
400,Kashish,Badami,agatechaaya@example.net,7829583129,"H.No. 24
Gupta Ganj
Hazaribagh-619208"
291,Ikbal,Rege,ramanedhitha@example.net,151575280,"37/433, Murthy, Pondicherry-862367"
78,Brinda,Nadkarni,harrisonmenon@example.net,1580524537,"83/40, Mandal Road, Bharatpur-578206"
569,Daksh,Dubey,vasahemani@example.com,9.19E+11,"465
Bajaj, Yamunanagar 686354"
666,Nitara,Dani,varkeybalendra@example.org,2019666683,"H.No. 269
Kaur Circle, Tezpur-365435"
867,Chasmum,Mall,purohitdavid@example.net,6678232997,"07, Balasubramanian
Indore-103508"
430,Mekhala,Amble,dewanzansi@example.net,9718626618,"H.No. 222
Gulati Circle, Nashik 427749"
434,Aayush,Shah,warinder85@example.org,9.13E+11,"H.No. 936
Gara
Jalandhar-299398"
119,Zehaan,Kanda,qganesan@example.org,9.13E+11,"41, Sachdeva Chowk, Pune-521345"
574,Tanmayi,Baral,chanchalzacharia@example.org,3785383554,"97/08, Varma Chowk
Kavali 059449"
30,Unni,Basu,ikshita67@example.org,9.18E+11,"H.No. 130, Khare, Dibrugarh 466692"
331,Chatresh,Kumar,rattiishwar@example.org,1955661000,"H.No. 440, Bajwa Street, Navi Mumbai 421174"
831,Chakradev,Barman,maxdesai@example.com,9.19E+11,"H.No. 108
Prasad Zila, Sambalpur 516620"
611,Samesh,Bains,aaditak@example.com,9.16E+11,"H.No. 85
Gulati Road, Morbi 350168"
373,Ranveer,Zachariah,yuglad@example.org,9.14E+11,"91/060
Walia Circle, Giridih-254030"
236,Eta,Raja,ekaja29@example.com,3366402310,"83, Kant Street
Haldia 319901"
559,Ayush,Apte,devansh87@example.net,9529536669,"78/44, Bhandari Marg, Mangalore-887955"
694,Urvashi,Murty,ekavir84@example.org,1629205603,"H.No. 920
Dugar Chowk, Aligarh 144995"
385,Girindra,Saxena,nakul51@example.org,9.11E+11,"89
Savant Chowk
Kozhikode-794538"
261,Anita,Mukherjee,qsinha@example.org,2656625865,"508
Sekhon Circle, Hazaribagh-736429"
886,William,Jha,neel45@example.org,6219617408,"H.No. 146, Chauhan Path, Gorakhpur 662015"
472,Ekansh,Koshy,paldaniel@example.org,4652584420,"516
Sahota Chowk
Guna 854943"
282,Wriddhish,Agate,bahllogan@example.org,8296463693,"H.No. 367
Sandhu Nagar, Karawal Nagar 287811"
446,Qarin,Gour,goleaarnav@example.com,9.16E+11,"08/49, Viswanathan Road
Bellary-322114"
117,Gagan,Apte,sureshnakul@example.org,6060916621,"82, Iyer Chowk, Chandrapur-331006"
85,Widisha,Raja,oscarchoudhary@example.net,9.1E+11,"211
Oommen Chowk, Guntur 104214"
11,Harini,Bhargava,madansamuel@example.net,9.12E+11,"H.No. 26, Grover Road, Unnao 674842"
227,Kalpit,Bera,upma51@example.com,9.19E+11,"816, Balan Circle, Tadipatri 405667"
604,Krishna,Lalla,rehaan03@example.org,6455327946,"841
Parsa Path, Jamshedpur 813912"
540,Omaja,Sarma,veda82@example.com,7200994011,"H.No. 97, Ramanathan
Karaikudi-998628"
48,Victor,Grewal,wyattchad@example.net,2357349477,"45/268, Soman Zila
Raurkela Industrial Township 128057"
270,Ati,Mitra,chavvibhagat@example.net,9.14E+11,"77/04
Baria Road, Tumkur-260075"
453,Balhaar,Mital,urishilla66@example.org,9.13E+11,"H.No. 892
Raman Street
Bikaner 773610"
542,Vritti,Bali,omrayaan@example.com,9.14E+11,"38, Misra Chowk
Nandyal-701140"
436,Yauvani,Gara,harishsaran@example.net,2946566253,"59/59, Halder Circle
Singrauli 999567"
414,Utkarsh,Ramesh,amanda@example.com,3503661216,"74, Toor Nagar
Kolkata-823800"
648,Bhanumati,Edwin,vedika76@example.org,9.12E+11,"H.No. 864
Merchant Circle, Allahabad-807736"
248,Ekanta,Nagi,abdulbora@example.com,9.16E+11,"H.No. 26
Krishna Chowk
Panipat 971975"
627,Indira,Dhaliwal,januja43@example.net,3046135426,"H.No. 85, Hayre Circle
Suryapet-478237"
794,Ranveer,Lall,kashvi92@example.org,9.12E+11,"632, Dube Road
Vellore-915856"
618,Vidhi,Chahal,banjeet65@example.net,1652427611,"H.No. 75
Suri Nagar
Kharagpur 806604"
722,Charles,Arora,ishwarkari@example.com,9.12E+11,"997
Choudhry Road, Chennai 286959"
211,Ekantika,Savant,virajjaggi@example.org,9.18E+11,"00/110, Deshmukh
Pondicherry-027325"
274,Fariq,Parikh,boravanya@example.net,9.16E+11,"97, Savant Circle, Nanded 170464"
358,Chanchal,Bhavsar,kaurekanta@example.org,1163344222,"77, Kadakia Chowk, Bahraich 005655"
411,Azad,Sha,dayalradhika@example.net,9.17E+11,"788
Bhatt Road, Fatehpur-163041"
351,Anvi,Mitra,victor52@example.net,9.13E+11,"32/30, Brar, Siwan 161949"
633,Umang,Dhingra,robertbava@example.net,5302701229,"528, Loyal Marg, Indore 840285"
456,Tanish,Bahri,bassichameli@example.net,4428143653,"270
Rajagopalan Street, Aurangabad 704031"
835,Mugdha,Gera,shravyaprakash@example.net,8849742598,"H.No. 23, Jhaveri Chowk
Asansol-535806"
623,Ekantika,Sen,lataradhika@example.net,9238231521,"H.No. 559, Sankar Nagar, Anand-759884"
991,Simon,Aggarwal,kaulgunbir@example.net,5829712785,"24
Cheema Marg, Kishanganj-346596"
854,Varenya,Mane,caggarwal@example.com,9.16E+11,"71
Gandhi Road, Jalna 373866"
330,Unni,Tella,fnarayanan@example.net,3021151513,"H.No. 966
Sami Marg
Bhiwani 612442"
888,Jyoti,Chowdhury,nkhatri@example.org,9.16E+11,"189, Dubey Road
Rourkela-235779"
576,Xalak,Sahni,ganesanchasmum@example.org,3607327550,"31/927, Kant Ganj, Saharsa-979541"
69,Gagan,Kant,janya25@example.com,623695392,"H.No. 341, Roy Path
Akola-622670"
82,Karan,Barman,nirja69@example.com,6482734363,"05/884
Babu
Katni 400807"
976,Ishani,Karpe,daksha85@example.org,9.15E+11,"596
Rastogi Street
Proddatur 875563"
324,Ronith,Parmar,rajeshridora@example.com,9.15E+11,"87/99, Naidu Street, Bangalore 143499"
265,Urmi,Nigam,gpall@example.org,9.19E+11,"11, Nori Ganj
Chapra-983494"
543,Frederick,Sandal,ysundaram@example.com,9.17E+11,"H.No. 80, Sachdeva Marg
Phagwara-198624"
679,Sudiksha,Sharaf,sanghvisamaksh@example.net,236181771,"429
Raju Road
Tinsukia-777395"
798,Luke,Narang,jackson05@example.net,9025090536,"H.No. 52, Parmer, Mahbubnagar-200883"
18,Raagini,Dhar,umanne@example.org,4022627329,"31/070, Naik Nagar
Dharmavaram 197398"
582,Irya,Kumer,dgarde@example.org,9.13E+11,"54
Yadav Path, Kulti 506707"
133,Timothy,Dash,daksheshbhakta@example.net,6137693610,"950, Jhaveri Zila
Arrah 482030"
563,Eesha,Tara,yauvanibanerjee@example.com,9219785923,"53
Shere Road, Meerut-999387"
273,Shravya,Suri,upasnamane@example.org,4590314978,"06/252, Ramanathan, Eluru 359365"
698,Ekavir,Chadha,khatriojas@example.net,5829865908,"23, Parmar Nagar
Ambala-103689"
190,Kala,Venkataraman,manbirmanda@example.net,1215515036,"H.No. 51, Sagar Nagar, Rewa-116054"
19,Kashvi,Narain,samarth96@example.com,9032559583,"13/061
Dhaliwal Road
Nagercoil 284298"
487,Mahika,Deshmukh,qarin36@example.org,9.14E+11,"37/898, Naidu Chowk, Kavali-243425"
124,Maanas,Arya,parth04@example.net,5901577266,"94/41, Barad Circle
Ongole 308712"
552,Reyansh,Vasa,falannori@example.net,8413677594,"31
Chana Ganj, Siliguri-361784"
163,Samuel,Sandal,iryasingh@example.net,3486621008,"H.No. 19
Tandon Street, Morbi-541420"
687,Netra,Wali,ereddy@example.net,232094736,"260
Basak Path, Tezpur-387093"
509,Nidhi,Chauhan,jai60@example.net,6887274249,"19
Anand Marg
Proddatur-968348"
611,Samesh,Bains,aaditak@example.com,9.16E+11,"H.No. 85
Gulati Road, Morbi 350168"
182,Charan,Muni,sathvikkarpe@example.org,6597461009,"H.No. 472, Gulati
Madanapalle 091856"
384,Yatan,Bumb,champak41@example.com,9.12E+11,"08/582, Bajwa Chowk
Khora  209842"
217,Chakrika,Nayar,nilima58@example.com,4892026220,"H.No. 012, Zacharia Marg
Maheshtala 487481"
111,Kevin,Bahl,senchasmum@example.net,294496284,"89
Ganguly Circle
Sasaram 370122"
50,Chakradhar,Zacharia,ishanayak@example.org,6754428754,"39, Yogi Path, Anantapur-332807"
154,Laban,Arya,shaurya57@example.org,9.14E+11,"37, Bandi Street
Gandhidham 692567"
529,Faraj,Aggarwal,maanavdugar@example.org,1253590102,"98/41
Dani Path
Medininagar 636059"
400,Kashish,Badami,agatechaaya@example.net,7829583129,"H.No. 24
Gupta Ganj
Hazaribagh-619208"
614,Tanmayi,Chand,mahikadeol@example.org,6848222248,"66/024, Dua Chowk
Jalandhar-776367"
966,Reyansh,Rattan,ati16@example.org,1244912692,"58/896
Patil Circle
Chapra 316326"
641,Upkaar,Kale,samesh12@example.com,9392516238,"94/718, Hayre Road
Bulandshahr-110692"
568,Parth,Mani,munshihritik@example.com,1885031684,"H.No. 55, Upadhyay Road, Belgaum-838248"
711,Aradhana,Pingle,fdevi@example.net,9.17E+11,"66
Panchal Road, Panchkula-163772"
609,Pranav,Deep,idika22@example.org,5221366946,"565, Contractor Circle
Gangtok-581226"
790,Varenya,Hayer,chanchalpradhan@example.org,9.16E+11,"02/05, Lalla Ganj, Kamarhati-063381"
418,Gaurang,Nori,mjoshi@example.net,7778069063,"33
Sura Marg
Gandhidham 949455"
721,Nilima,Lal,divaneshana@example.org,8399144063,"76/25
Palla Nagar
Jalna 700485"
106,Ranbir,Bail,vihaanramesh@example.com,5933324138,"80/366
Chanda Zila
Udaipur 250884"
550,Jason,Murthy,nathan60@example.org,9.18E+11,"H.No. 950, Nanda Zila, Giridih-811631"
629,Bhanumati,Virk,jkar@example.org,9.17E+11,"562
Sahni Chowk
Barasat-859018"
177,Anita,Ray,anitajhaveri@example.com,9.18E+11,"33/54
Pillai Marg
Nellore 801829"
998,Jatin,Rajagopal,darfaraj@example.net,1735442617,"H.No. 82, Salvi Circle, Bihar Sharif-054681"
480,Yauvani,Sandal,shaanya@example.org,7744687530,"H.No. 286
Sheth, Tiruppur 926846"
406,Chatura,Rajagopalan,daksheshpandey@example.com,946864917,"H.No. 017, Mukherjee
Thanjavur 540523"
528,Zehaan,Menon,unnati22@example.net,9.15E+11,"H.No. 94, Dada Ganj
Gaya-435497"
561,Irya,Tank,viswanathanneel@example.net,9.19E+11,"H.No. 733, Manne
Bhilai-196118"
106,Ranbir,Bail,vihaanramesh@example.com,5933324138,"80/366
Chanda Zila
Udaipur 250884"
901,Aachal,Rajagopalan,sudikshakonda@example.net,8005304035,"40
Grewal Street, Pondicherry 435865"
810,Warhi,Nagarajan,bchakrabarti@example.com,5838628455,"H.No. 762, Golla Path
Motihari 168182"
770,Girish,Patil,oandra@example.org,7618778545,"H.No. 373, Chaudhary Path
Vadodara-248878"
176,Benjamin,Bajaj,ovaidya@example.com,9543381473,"072, Bhat Marg, Pali-738974"
356,Damini,Kumar,chavvi16@example.net,7186282006,"H.No. 23
Pillai Chowk, Miryalaguda-617159"
311,Hitesh,Tata,sinhanachiket@example.com,2406269415,"34/36, Badami Street
Jabalpur 537138"
294,Eshana,Subramanian,rpandit@example.net,6734789966,"89/29, Chada Chowk, Kanpur-982795"
341,Shivansh,Bajaj,champakbalay@example.net,9436392016,"08, Mukherjee Zila
Chandigarh 469890"
924,Turvi,Chandra,idikakala@example.org,9.16E+11,"092, Rao Marg
Dhanbad-317550"
795,Ekta,Deshmukh,anirudhvirk@example.org,9423551894,"023
Hans Street, Asansol 962873"
969,Wakeeta,Merchant,chamanchoudhry@example.net,3902252745,"H.No. 280, Kota Path, Phagwara 014825"
587,Udant,Talwar,surimanbir@example.net,9.13E+11,"97, Nori Chowk
Junagadh-418523"
725,Hamsini,Dass,samarthnaik@example.com,2843165151,"H.No. 260, Rajagopalan Path
Pondicherry-963044"
882,Nachiket,Varghese,mohannisha@example.net,4944707490,"77/548
Ramaswamy Chowk
Ichalkaranji 142924"
958,Arunima,Baral,manthan58@example.net,4037873751,"H.No. 348, Prakash Path, Ramagundam-777384"
581,Madhav,Chakrabarti,upma06@example.com,9.15E+11,"79/529
Parsa Zila
Akola 699265"
813,Kala,Gopal,shivanikothari@example.org,9298799362,"90/327
Rama Chowk, Thoothukudi 951809"
25,Sanya,Grover,kashish45@example.net,6640245508,"H.No. 58, Keer Road
Kollam-697817"
370,Caleb,Ramakrishnan,zchand@example.com,3090723382,"25/341
Hora Nagar, Tiruchirappalli 104367"
876,Laban,Pal,apillay@example.com,9.16E+11,"99/234, Sani, Ramgarh-887134"
558,Balhaar,Mohan,banjeet75@example.com,9.17E+11,"88
Dora Road
Ongole 270745"
176,Benjamin,Bajaj,ovaidya@example.com,9543381473,"072, Bhat Marg, Pali-738974"
935,Idika,Mitter,vritti52@example.com,9818475129,"H.No. 200
Vala Path
Sultan Pur Majra 500063"
885,Zehaan,Buch,keerbhavna@example.net,5211784989,"18/552, Pandey Ganj, Raurkela Industrial Township 082590"
9,Nandini,Sengupta,ekantikagoswami@example.net,1503024423,"47/15
Wable Street
Nellore-000214"
533,Amaira,Mittal,nrao@example.net,9.13E+11,"H.No. 592, Kala Path, Imphal-178670"
366,Ethan,Oza,tanishmunshi@example.net,9.18E+11,"86/47
Raju Circle, Howrah 712721"
465,Bahadurjit,Gour,naksh47@example.org,9.18E+11,"H.No. 02, Batta Street, Dhanbad 263247"
590,Reva,Khalsa,gokhaleyahvi@example.com,508832551,"83
Sura Marg
Karimnagar 445642"
367,Kalpit,Nair,qushikumar@example.org,9.1E+11,"607, Gade, Gudivada-445310"
269,Qadim,Saini,chavvi59@example.com,9.18E+11,"17/76
De, Bilaspur-162240"
610,Priya,Mander,joshianika@example.net,5287167503,"455
Kothari Nagar, Kavali 358785"
866,Vanya,Nair,idubey@example.com,5113175824,"H.No. 70
Hayre Path
Nellore 800398"
636,Lakshmi,Wable,prisha71@example.com,5687762189,"H.No. 938
Shenoy Circle, Thane 885867"
493,Amruta,Lall,horamegha@example.com,3910199704,"92/071, Tripathi Ganj, Bhubaneswar 874484"
159,Lajita,Toor,bgulati@example.net,3649620310,"172, Dixit Path
Ranchi 367122"
490,Vanya,Acharya,neel95@example.net,9.15E+11,"25
Mitra Zila, Sultan Pur Majra-233688"
808,Ronith,Kalita,madhavprabhakar@example.net,9.18E+11,"18/712
Apte Street, Haridwar-783642"
394,Krisha,Venkataraman,chackoupma@example.com,8424117524,"85/93
Balan Path, Bally-053829"
43,Ishani,Madan,prabhuyochana@example.net,6831033178,"H.No. 11, Lalla Street
Rewa-079901"
3,Varenya,Tara,hardik17@example.net,9.2E+11,"92, Chadha Ganj, Meerut-721877"
245,Krishna,Rege,sdani@example.net,9.19E+11,"77/259, Parmer Marg, Kakinada 047759"
834,Zayan,Chaudhry,darika06@example.com,6131604842,"H.No. 06, Seshadri Chowk
Pimpri-Chinchwad 377667"
255,Jagat,Kunda,rbutala@example.com,5342381719,"93/529
Doctor Nagar, Akola 779192"
706,Deepa,Bora,tnarain@example.net,9.13E+11,"804
Sem
Bardhaman 439391"
379,Netra,Sheth,chakrabortyimaran@example.net,6590462099,"H.No. 85, Gole Street
Cuttack-745349"
489,Warhi,Bava,duaveda@example.org,9.18E+11,"H.No. 81
Rattan Street, Jalna-124648"
176,Benjamin,Bajaj,ovaidya@example.com,9543381473,"072, Bhat Marg, Pali-738974"
477,Shaurya,Cherian,nagiedhitha@example.net,9.18E+11,"76/36
Radhakrishnan Ganj
Bokaro 155644"
843,Gauri,Nagarajan,dev80@example.net,3836090728,"167
Kumar Marg, Tiruchirappalli-496118"
855,Qasim,Soni,fiyazkrishna@example.org,9.14E+11,"21
Naik Street
Sonipat-329888"
709,Wridesh,Dhingra,qushi82@example.org,9.12E+11,"H.No. 05, Nagy Nagar, Medininagar-683529"
684,Yachana,Banik,sameshbalay@example.org,7519611396,"79, Narain Road
Surat 785723"
53,Om,Brar,shereurvashi@example.org,372439851,"15/631
Gupta Road
Kalyan-Dombivli-509817"
551,Udant,Gopal,wkakar@example.com,499317591,"H.No. 197
Menon
Tenali-410230"
586,Ayushman,Naik,nattgeetika@example.net,8264792641,"03
Kumer Circle, Ludhiana 610881"
937,Neha,Hari,npandit@example.com,9.1E+11,"H.No. 596, Sani Chowk
Avadi-298135"
298,Dev,Sundaram,hiralsem@example.net,1133903961,"H.No. 20, Nadig
Bidhannagar-947256"
262,Yamini,Mand,nidra92@example.com,9.19E+11,"H.No. 15, Gupta Nagar, Saharsa-522076"
145,George,Naidu,wdubey@example.com,9.18E+11,"H.No. 274
Mand Zila
Pali 162434"
757,Falguni,Toor,ylad@example.com,9.12E+11,"98, Rastogi Chowk
Kavali 849756"
185,Aditya,Mallick,vaishnaviviswanathan@example.net,9.18E+11,"79/642, Kaul Marg
Dibrugarh-970553"
49,Rajeshri,Jaggi,bishakhabadami@example.net,9.1E+11,"H.No. 71
Ramesh Circle, Muzaffarpur 100407"
350,Jhalak,Shankar,raghav40@example.net,9.19E+11,"H.No. 558, Chandran Zila, Jalandhar 734152"
407,Shivani,Char,tankqasim@example.com,5223049237,"43/28
Prasad Chowk
Morena-661355"
1,Edhitha,Atwal,zayyan43@example.com,234852317,"96/24
Narayan Nagar, Ranchi 232760"
874,Dayamai,Mani,lakshitbajaj@example.com,8477063247,"H.No. 34
Lala Road, Guna 995905"
45,Janaki,Choudhury,uaggarwal@example.net,9.14E+11,"H.No. 611, Chaudhari Path, Vijayawada-235189"
554,Isha,Sabharwal,kashvi67@example.net,6505191159,"21/821, Garg Ganj
Raipur 594704"
271,Omisha,Chaudhry,singhsaanvi@example.com,9.14E+11,"17/09
Buch Path, Proddatur 379201"
819,Watika,Rout,isaacparikh@example.com,4421749559,"00/92, Lanka Chowk, Munger-547657"
870,Charita,Chaudhry,murthyanay@example.net,882713772,"965
Shere Nagar, Hospet-061291"
12,Falan,Mannan,sbava@example.net,1159535332,"43/302
Krishna Marg
Cuttack 295586"
283,Ayushman,Sarraf,kakarsimon@example.net,9.11E+11,"H.No. 740, Raghavan Circle
Nangloi Jat-363678"
46,Mahika,Nori,liamsabharwal@example.com,8640142117,"46, Maharaj Nagar
Rewa 613987"
562,Gavin,Mall,fwable@example.net,9.12E+11,"H.No. 685
Bora Street, Guntur 453461"
570,Leela,Barad,kamya59@example.org,1301998210,"73/47, Chand Ganj, Mathura-561720"
546,Riya,Sidhu,oliver12@example.net,6751354757,"02/039
Bandi Marg, Ramgarh-004286"
778,Meghana,Devan,doctoraarnav@example.net,9.16E+11,"83/55
Palla Zila
Thanjavur 333998"
918,Harsh,Date,triptibhatt@example.com,4502511709,"87/868, Magar Path
Kurnool-876940"
277,Jagat,Bajwa,kashvidubey@example.org,9.14E+11,"H.No. 25, Kara Nagar, Machilipatnam 923416"
785,Tanish,Brar,abdul17@example.com,9.11E+11,"H.No. 53
Lall Circle, Thrissur-529551"
339,Garima,Pandya,gopalekantika@example.com,9.14E+11,"34/18
Tandon Marg, Rajkot-268795"
518,Kai,Sengupta,ikshita50@example.org,9.15E+11,"14
Srinivas Road
Navi Mumbai-203472"
285,Bhavya,Chokshi,raghavankamya@example.com,5085075310,"71/82, Sanghvi Street
Anantapuram-619951"
878,Kamya,Bains,qabilnarula@example.net,9.17E+11,"H.No. 31
Khalsa Road, Srinagar-739719"
667,Lavanya,Bhasin,william36@example.com,9.18E+11,"08/40, Manda Nagar, Mango-588755"
591,Charita,Aurora,brao@example.net,5113495654,"H.No. 12
Balan Path
Berhampore 331521"
521,Watika,Walla,esom@example.net,1577761507,"996
Kuruvilla Road, Dhule-506543"
445,Upma,Sood,zaitrabora@example.com,7565228009,"H.No. 30
Srinivasan Chowk, Akola-651174"
630,Isaiah,Bahl,dubebrijesh@example.net,9187658970,"41/379
Rana, Bhagalpur 941889"
603,Ucchal,Mahal,henrydate@example.com,9.14E+11,"29/83
Hans Street
Jaunpur 461559"
223,Guneet,Lata,biswaskalpit@example.net,9.11E+11,"59/22, Char, Etawah-399118"
124,Maanas,Arya,parth04@example.net,5901577266,"94/41, Barad Circle
Ongole 308712"
244,Damini,Nagi,pdugar@example.com,5955475446,"89/013, Bath Road, Saharanpur 463577"
921,Amaira,Nanda,eta05@example.net,9.19E+11,"59/53
Subramaniam Road, Erode-143548"
890,Rishi,Patil,samaksh12@example.com,6668300085,"H.No. 584, Issac Circle, Solapur-521363"
470,Yash,Venkataraman,eshana31@example.org,8445649082,"H.No. 187, Bhatt Road, Gurgaon 013643"
751,Yasti,Kanda,chanderwridesh@example.org,9323725335,"H.No. 412, Acharya Circle, Tenali-292182"
617,Tristan,Ratta,rameshvedant@example.org,9.12E+11,"70
Chacko Circle, Alappuzha-256553"
372,Vyanjana,Trivedi,aroraturvi@example.org,3899830887,"22/001, Keer Road, Saharanpur-862804"
278,Yachana,Kari,patlagaurangi@example.com,9.13E+11,"H.No. 51, Bakshi Path, Nanded 531478"
328,Warjas,Lad,bailekanta@example.org,5890065824,"H.No. 53
Narayan Zila, Vijayanagaram-708178"
113,Bahadurjit,Edwin,aagrawal@example.net,9.19E+11,"61/60
Kuruvilla Street
Chennai-074838"
473,Keya,Pillay,palvasatika@example.com,9.11E+11,"79/729
Dave, Uluberia-103225"
769,Unnati,Sibal,euppal@example.net,9.11E+11,"25/85, Raghavan Circle
Gurgaon-185018"
427,Darpan,Kumer,banerjeehenry@example.com,9.19E+11,"49
Kalla, Korba-639085"
804,Dayita,Kaur,narasimhanchandran@example.net,8389882966,"H.No. 964, Sarma Chowk, Gandhidham-344138"
109,Gaurang,Chauhan,nadkarnibrinda@example.com,9.18E+11,"H.No. 53
Dhar Ganj
Bettiah-215862"
239,Aashi,Andra,nairhema@example.com,4638536626,"35/376
Guha Path
Aurangabad-926487"
673,Chandresh,Oak,srinivasanonkar@example.net,9.14E+11,"23, Pradhan Road, Khora  313311"
901,Aachal,Rajagopalan,sudikshakonda@example.net,8005304035,"40
Grewal Street, Pondicherry 435865"
426,Nachiket,Bali,sarkarpratyush@example.net,5914109175,"95/00
Bandi Circle
Mahbubnagar 694580"
448,Anamika,Gala,rachita14@example.net,9.11E+11,"23/61, Barad Path
Amravati 039321"
213,Manan,Aurora,darshsoman@example.com,1218301061,"04
Wadhwa Path
Kolhapur-593918"
192,Sai,Ganguly,azaansom@example.net,9.19E+11,"71/09
Shroff Path, Siliguri-333760"
728,Balvan,Ratta,lankafariq@example.net,3067668199,"H.No. 177
Bhavsar
Morbi-342611"
842,Pooja,Kanda,divanvasudha@example.org,6654357743,"81/21
Kumar Marg
Kolkata-177151"
773,Andrew,Samra,nhayre@example.org,9.12E+11,"02/286, Devi Marg
Mau-132886"
640,Tara,Ramachandran,edwinomkaar@example.net,3792415032,"22/465
Barad, Ambarnath 894482"
221,Alka,Uppal,darsh85@example.org,3486479645,"99/820, Luthra Chowk, Berhampore-844510"
292,Lipika,Mohan,champakbera@example.net,9.19E+11,"H.No. 61
Raj Nagar
Kottayam-858175"
103,Advika,Sur,ksrivastava@example.com,350611459,"H.No. 064
Chaudry
Tirunelveli 810794"
880,Krishna,Sankaran,joshilohit@example.org,7737551710,"H.No. 501, Khatri Road
Hospet-247253"
833,Pooja,Lad,prabhakarkashvi@example.net,299042376,"H.No. 936, Toor Zila, Mango 679124"
566,Kabir,Kashyap,jmanne@example.net,9.13E+11,"74, Kant Nagar, Medininagar-144725"
863,Bina,Sarin,nimratchar@example.net,733263988,"810, Khosla
Begusarai-229246"
89,Lakshmi,Sharaf,chhabrafiyaz@example.org,8727404354,"18/21, Maharaj Ganj
Bharatpur-743969"
879,Oviya,Kapadia,harinakshi04@example.com,9.12E+11,"780
Sachdeva Path, Berhampur-616850"
715,Manthan,Khanna,aaravgour@example.net,7679633648,"19/14, Mallick Path, Cuttack-801666"
907,Mason,Barad,bbakshi@example.com,7849443992,"H.No. 565
Mangat Circle
Solapur 790280"
154,Laban,Arya,shaurya57@example.org,9.14E+11,"37, Bandi Street
Gandhidham 692567"
523,Harsh,Manda,lohit01@example.net,9.19E+11,"H.No. 33
Mishra Chowk
Kota 099941"
333,Panini,Raj,ljani@example.org,5608425145,"708
Som Zila
Jalgaon 659383"
476,Hredhaan,Bhattacharyya,ishaniradhakrishnan@example.net,3878516043,"80
Sharaf Chowk, Chandigarh-631654"
948,Mekhala,Khurana,atisunder@example.org,9.14E+11,"174, Talwar
Bhatpara 795909"
612,Ekta,Narain,abha66@example.org,9.15E+11,"80, Bail Path
Rajkot 127025"
254,Faqid,Narang,guneet27@example.net,5554032761,"34/74
Bal Circle, Kavali 591692"
243,Owen,Bava,ojasvi89@example.net,9.11E+11,"H.No. 637
Sani, Gopalpur-647185"
,Indrajit,Agrwal,,99,
894,Rachit,Mammen,xaviervarughese@example.org,9.16E+11,"H.No. 21
Baral Ganj
Tadipatri-505383"
541,Hemani,Tak,vasatikakorpal@example.com,262288351,"H.No. 30, Manda Ganj
Sultan Pur Majra-088611"
724,Rajata,Sami,chadhaisaac@example.com,9.18E+11,"642
Thaker Zila, Cuttack 347342"
735,Daksh,Sama,varugheseamrita@example.net,8256193174,"H.No. 979, Jhaveri Marg, Anand 142675"
148,Tara,Ahluwalia,qchander@example.net,9.11E+11,"708, Lad Path, Malda-082212"
875,Daksha,Kaur,mananbhasin@example.com,4950723863,"65/47
Kibe Chowk, Raurkela Industrial Township 220164"
922,Rachita,Ahuja,chakradhar02@example.org,4549057312,"34/40
Jani Nagar
Tirunelveli 810165"
241,Qushi,Wali,madhavi78@example.org,9.15E+11,"821, Sura Nagar, Ramgarh-841440"
27,Anay,Bajaj,bahadurjit92@example.org,9.1E+11,"H.No. 61
Varty Zila
Srikakulam-922364"
535,Teerth,Chaudhary,goswamisamuel@example.net,6796019956,"H.No. 68, Prashad Marg
Shimla-385913"
588,Brinda,Khosla,dbalay@example.com,9.15E+11,"116, Subramaniam Chowk, Nashik 586562"
207,Niharika,Nadkarni,hemalpillai@example.net,9.18E+11,"36, Sridhar Marg, Tadipatri 724231"
386,Tanvi,Tripathi,sakshamvirk@example.net,9430104110,"H.No. 800
Srivastava Zila
Jalgaon 149807"
754,Maanas,Subramaniam,lipikaborde@example.net,2137229909,"H.No. 060
Mohanty
Amaravati 363529"
13,Chasmum,Kothari,yoshita21@example.org,6589449784,"75/554, Behl Street, Morena-071254"
592,Rushil,Modi,gsubramanian@example.org,9.1E+11,"33, Bajwa Zila, Panvel 525760"
1,Edhitha,Atwal,zayyan43@example.com,234852317,"96/24
Narayan Nagar, Ranchi 232760"
671,Anya,Walia,lgrover@example.com,4401328723,"88
Doshi Path
Kamarhati 613943"
,Ruta,,,,6667
539,Hemangini,Sampath,thomas93@example.org,2604901600,"95/66
Lad Path
Dehri-033512"
77,Mohini,Dube,ndubey@example.net,7236180575,"519
Sridhar Road, Amritsar-927384"
454,Barkha,Iyer,nnatt@example.net,9.12E+11,"60
Palan Marg, Raipur-107632"
83,Upadhriti,Anand,kotaakshay@example.org,4029681329,"78, Bose Marg, Korba 093114"
699,Adya,Sant,aryaisaiah@example.net,2048474467,"45/93, Kala Chowk
Parbhani 881120"
983,Yashawini,Handa,sehgalfalguni@example.org,6869449225,"H.No. 54
Mall Street, Kharagpur 031854"
690,Ubika,Vala,hbhavsar@example.net,6832818225,"57/52, Dash Chowk
Baranagar 862086"
779,Tanish,Trivedi,jnatt@example.net,9.15E+11,"277, Narang Path
Bellary-425051"
936,Chandani,De,emahal@example.net,9.19E+11,"39/80, Pant Path, Rourkela 266076"
691,Banjeet,Cheema,lankajanuja@example.net,9477863163,"51/322, Bhasin
Farrukhabad-311432"
161,Watika,Bhakta,chatura64@example.net,2215884383,"H.No. 27, Comar Ganj, Bally 610294"
170,Amaira,Master,cmajumdar@example.net,9.13E+11,"84/46, Saxena Marg
Bhavnagar 150488"
845,Yash,Apte,yashica61@example.org,9.19E+11,"45
Bassi Path
Maheshtala 209891"
772,Gaurang,Kala,sachdevajack@example.com,1106285443,"H.No. 918
Kata Street, Yamunanagar 772648"
432,Ijaya,Shan,mandacaleb@example.com,6924483700,"22/380
Mander Marg, Davanagere-715491"
1,Edhitha,Atwal,zayyan43@example.com,234852317,"96/24
Narayan Nagar, Ranchi 232760"
107,Jeremiah,Natt,vargheseharini@example.net,9.11E+11,"62, Pillai Circle
Pallavaram-261093"
286,Krishna,Srinivasan,nandini89@example.com,7762218509,"86, Dua
Ramagundam 651657"
352,Omisha,Jaggi,anthonykothari@example.com,5710583371,"56, Das Path, Ramgarh 113207"
198,Yashodhara,Krish,andraeta@example.net,7680533413,"H.No. 61, Borah Chowk
Bellary-577733"
165,Manya,Prasad,william11@example.org,9.2E+11,"H.No. 838, Bandi Road, Nagaon 051022"
927,Aarini,Datta,isaacsrinivas@example.org,6634749539,"H.No. 05
D’Alia Path
Anantapur-685721"
977,Alexander,Dada,akota@example.net,9.14E+11,"61/985
Manne Circle, Ambarnath 612132"
730,Yashawini,Tara,wthakkar@example.org,2667034086,"355, Dada Marg, Bhopal 653889"
433,Ansh,Bedi,fsethi@example.org,9.17E+11,"844, Tailor Nagar, Bhopal-883468"
913,Adweta,Raghavan,ryanmitter@example.com,9.12E+11,"24
Bains Chowk, Bareilly-185416"
194,Mohini,Banik,mammenbachittar@example.com,1036373053,"15, Apte Marg, Bilaspur 748131"
970,Jairaj,Sane,leenawalla@example.org,9.13E+11,"657
Raghavan Ganj, Rewa-607809"
15,Abha,Gera,chadhemal@example.org,9.18E+11,"63/192
Bath Nagar
Tenali 277761"
95,Vamakshi,Yogi,tripti75@example.org,5471314969,"642, Andra Chowk, Khammam-162540"
140,Laban,Krishnan,surikavya@example.net,9.11E+11,"232, Ram Marg, Jalna 089832"
777,Gayathri,Raghavan,waurora@example.org,9.11E+11,"355
Raja Marg, Guntakal 292358"
309,Rudra,Chana,jramesh@example.com,9537109387,"H.No. 31
Mutti Path
Avadi-915410"
374,Shravya,Baral,qarinahuja@example.com,5804723412,"H.No. 50, Bhattacharyya Circle
Jalandhar-606209"
771,Ikshita,Tandon,qlanka@example.net,1262992264,"861
Devan Path, Udupi 330135"
415,Bimala,Nagarajan,gavinbehl@example.net,7387290144,"H.No. 964, Brahmbhatt Path
Hyderabad-308824"
801,Aarush,Kumer,darika56@example.com,1249201978,"H.No. 78, Rout Marg, Sangli-Miraj & Kupwad-468356"
797,Vihaan,Chokshi,lekha42@example.net,6244046551,"H.No. 16, Deshpande Zila
Berhampur-877841"
931,Dev,Gade,sanebaljiwan@example.com,4518928328,"97, Chaudhari Zila, Ghaziabad 456695"
88,Maanav,Dey,ansh97@example.org,2068204523,"99
Tata Ganj
Kirari Suleman Nagar-360250"
202,Yoshita,Majumdar,nkrishnamurthy@example.com,9.12E+11,"69/87
Merchant, Jalna 866617"
878,Kamya,Bains,qabilnarula@example.net,9.17E+11,"H.No. 31
Khalsa Road, Srinagar-739719"
967,Kalpit,Mukhopadhyay,cdhawan@example.com,3272868378,"568
Rege Marg
Saharanpur 810373"
994,Jeevika,Bhatti,praman@example.org,8138052291,"H.No. 050
Pillai Ganj, Dhule 841158"
498,Anirudh,Tara,banjeetprabhakar@example.org,2373657685,"H.No. 560
Biswas Circle
Kottayam 652010"
985,Daksha,Wable,issacbalvan@example.net,2055113283,"55/71
Parmar Zila, Rajpur Sonarpur 417246"
938,Manbir,Mangal,sshah@example.com,6726595343,"05
Chacko Circle, Raichur 739634"
824,Nathan,Pal,lakshmibhattacharyya@example.net,9549759083,"H.No. 514, Wagle Road
Tenali-852430"
889,Jhalak,Prasad,fitan21@example.org,9.11E+11,"H.No. 81, Dewan Chowk
Khandwa 249877"
975,Sanaya,Sood,leenanayak@example.com,9763455851,"H.No. 819, Doctor, Bijapur 188813"
521,Watika,Walla,esom@example.net,1577761507,"996
Kuruvilla Road, Dhule-506543"
184,Omya,Borah,hardik51@example.org,9052452105,"H.No. 20
Joshi Ganj, Udaipur 277897"
911,Sarthak,Bhatti,mannpanini@example.com,9.15E+11,"02/201, Mani
Anantapuram-859269"
342,Sachi,Luthra,vohrachristopher@example.org,3099859454,"82, Khatri Nagar
Akola 471843"
822,Bhavika,Som,vasatikasundaram@example.org,9.12E+11,"H.No. 81, Bal, Thoothukudi-962263"
381,Vasudha,Balan,deepkritika@example.org,4179431670,"H.No. 22, Vora Nagar, Katihar 318634"
806,Ekani,Narain,banjeetcheema@example.org,693214261,"397, Dixit, Kakinada-118935"
973,Zaid,Sheth,emurthy@example.org,4302749781,"H.No. 03, Dhingra Ganj
Haldia 418068"
112,Vasudha,Patel,dharyashodhara@example.org,2771408526,"34, Boase Marg, Chennai-118595"
553,Urishilla,Saraf,saksham10@example.net,7478767487,"H.No. 84
Kale Circle, Jalgaon-667272"
930,Bhavani,Sarraf,emitter@example.org,3806157096,"63/30
Nath Chowk, Gulbarga 585526"
90,Sneha,Bhargava,urishillanazareth@example.com,5949668536,"42/46, Patel Marg, Deoghar-881530"
800,Abhiram,Palan,abeer47@example.com,9.1E+11,"37/38, Bhandari Nagar, Hajipur 763384"
486,Bhavya,Kannan,timothyloke@example.com,9.19E+11,"66/000
Tailor Marg, Nadiad-607985"
175,Urmi,Gade,tanvi75@example.org,3600524912,"19
Rastogi
Raipur-412590"
678,Krishna,Parmer,wpai@example.net,9.16E+11,"528, Rai
Mumbai-658796"
42,Frederick,Bajwa,janujasule@example.org,2426697359,"H.No. 59, Kanda Chowk, Satna-157918"
638,Harinakshi,Jha,chakradharshetty@example.net,9.18E+11,"94/172, Subramanian Circle, Hospet 356487"
122,Watika,Chowdhury,emurthy@example.com,9.1E+11,"H.No. 54, Mohan Chowk
Eluru 309690"
355,Yashvi,Bhardwaj,kiaan29@example.org,9.12E+11,"50
Krishnan
Rampur 117140"
733,Udyati,Agarwal,esanghvi@example.com,2117631786,"H.No. 791
Gupta Ganj
Satna 552835"
555,Abha,Wali,aayushkoshy@example.net,6437755907,"H.No. 964, Batta Ganj, Amroha-114633"
745,Urvi,Sinha,dayitagulati@example.org,6703582390,"H.No. 06
Batta Road
Jhansi-635588"
36,Wridesh,Tara,agarwalvaishnavi@example.com,4837401443,"25/49, Vaidya Zila, Karaikudi 824697"
408,Laban,Dutta,georgeaurora@example.com,9.12E+11,"H.No. 300
Narayanan Street, Bhagalpur 005366"
52,Omkaar,Thaman,nilimaatwal@example.com,9.16E+11,"90/44, Sethi Ganj, Surat-275230"
346,Advay,Kumer,maharajpriya@example.net,9.14E+11,"029, Sani Nagar
Giridih 324339"
158,Advika,Shetty,advay03@example.com,6809179134,"017
Agarwal Nagar, Secunderabad 796407"
10011,Bhimsen,,,,
483,Sanaya,Vaidya,karperaagini@example.net,9.17E+11,"796
Lad Circle
Rajkot 007381"
321,Benjamin,Goswami,vedika87@example.org,1428639310,"35, Varkey Zila, Rajahmundry 058450"
891,Dev,Jaggi,yashawini36@example.com,2818297482,"H.No. 22
Goyal Nagar
Satara-242886"
462,Ishwar,Sachar,kavya78@example.com,9167147912,"H.No. 19
Madan Path
Jalgaon 663392"
395,Sarthak,Goyal,venkataramanguneet@example.com,3081627535,"84/981
Chacko Nagar, Noida 951851"
702,Lohit,Chakrabarti,bhatcaleb@example.org,3936760873,"H.No. 830, Dhawan Zila
Kulti 231241"
662,Jagat,Bora,theodore37@example.org,9.14E+11,"058
Keer Nagar, Imphal 582746"
766,Yashoda,Vyas,dsharaf@example.net,9.16E+11,"879, Das Path, Jammu 594049"
23,Ronith,Nadkarni,amblechampak@example.com,9696817481,"36, Ramachandran Nagar, Solapur 963363"
332,Yoshita,Purohit,chakrika49@example.com,5421300311,"05/456
Mandal Road
Motihari 259439"
134,Upasna,Peri,aishaniraj@example.org,4365105972,"H.No. 31, Pau Zila
Tinsukia-653307"
844,Parth,Bajwa,wnatarajan@example.net,3814971731,"H.No. 044, Choudhry Road, Chittoor 163653"
537,Lekha,Raman,ikbal00@example.net,9.1E+11,"H.No. 589
Seth Marg, Berhampore 488551"
171,Madhavi,Kade,samarth57@example.com,9.16E+11,"37
Wali Path
Indore 007237"
600,Ranveer,Badami,deochampak@example.org,9.11E+11,"46/85
Jayaraman Zila, Bhubaneswar-564359"
275,Zaid,Chadha,chanakyavarkey@example.org,1835470968,"H.No. 535
Sankaran Zila
Chandrapur-700916"
746,Alexander,Loke,samrawaida@example.net,9.13E+11,"44/02, Babu Marg
Kakinada 306661"
515,Neelima,Parmar,chaitaly48@example.com,7759903719,"94/09, Amble Chowk, Gopalpur-098822"
982,Vivaan,Kaur,tanveerkohli@example.com,9154497093,"46
Sarna Road
Shimoga-838625"
405,Ijaya,Sankaran,anmol34@example.com,9.17E+11,"20/846, Gera Street, Rohtak 359491"
759,Shivansh,Gulati,balarjun@example.org,2621656381,"00/108
Tiwari, Vijayanagaram-727523"
974,Reva,Anne,jkonda@example.net,9.17E+11,"H.No. 657, Sabharwal, Sikar-756140"
637,Raagini,Prakash,nandini27@example.org,8383282889,"612, Soman Nagar
Pune 066138"
703,Aryan,Zacharia,lohit51@example.org,2672788922,"28/14, Sidhu Nagar, Jamalpur-884330"
985,Daksha,Wable,issacbalvan@example.net,2055113283,"55/71
Parmar Zila, Rajpur Sonarpur 417246"
478,Arin,Zacharia,aarnav52@example.com,9.2E+11,"97, Prabhakar Ganj
Mango 053741"
61,Shivani,Khalsa,gmody@example.net,1820305641,"44
Varma Ganj
Barasat 525540"
869,Zaitra,Mitra,chadamaira@example.net,5536424493,"274, Mital, Gwalior-583604"
578,Qasim,Warrior,kbhatti@example.net,9661772530,"87/446
Kamdar Chowk
Durgapur 624620"
803,Hritik,Sandal,advik20@example.org,9705035321,"22/212
Apte Street
Morena-839613"
456,Tanish,Bahri,bassichameli@example.net,4428143653,"270
Rajagopalan Street, Aurangabad 704031"
93,Dayita,Chaudhuri,sraja@example.org,6432757466,"H.No. 245
Babu Circle, Visakhapatnam-772919"
263,Laksh,Dhawan,naveen37@example.com,5303700207,"H.No. 283, Maharaj Road
Nashik-732945"
190,Kala,Venkataraman,manbirmanda@example.net,1215515036,"H.No. 51, Sagar Nagar, Rewa-116054"
816,Nisha,Shan,ldas@example.com,1745619965,"67/44
Mander Street, Danapur 403325"
718,Matthew,Toor,chakradhar34@example.net,9860953578,"H.No. 090
Sarna, Faridabad-635032"
872,Hardik,Malhotra,fpall@example.net,6194807666,"30/61, Comar Marg, Karnal-744717"
522,Vedika,Chana,harish13@example.com,9.1E+11,"H.No. 862, Borde Zila, Guntakal 524897"
238,Jairaj,Palla,ladcharvi@example.org,71933917,"66, Lanka Path, Bangalore-771905"
,Snehal,Patil,,,Ranchi
531,Shaurya,Goda,vasatika68@example.com,708972376,"H.No. 073
Contractor Circle, Ballia 427049"
22,Devika,Oza,virajwalla@example.org,6769282811,"H.No. 164
Bhatt Chowk
Ahmednagar 585360"
789,Garima,Prakash,isha97@example.org,2477398270,"H.No. 45
Krishna Street
Loni 993339"
364,Warjas,Sridhar,bhandarisanya@example.com,9.13E+11,"41/607
Kapadia Street, Nashik-225342"
954,Logan,Murty,watika80@example.net,4073018166,"H.No. 31
Rajagopal Chowk, Bellary 008975"
128,Xiti,Tella,ianne@example.net,9.14E+11,"76/578
Parikh Path, Kalyan-Dombivli 939195"
516,Manan,Randhawa,harita94@example.net,9.15E+11,"45/645, Lanka Zila
Tiruchirappalli 026823"
544,Advik,Anand,darsh03@example.com,9.18E+11,"63/829
Naik, Barasat-189053"
491,Tanvi,Borah,lgrewal@example.org,9.19E+11,"67
Mutti Chowk, Patna-878616"
908,Omkaar,Gulati,meghasani@example.org,9.14E+11,"39/73
Sama, Hospet 124400"
928,Jagrati,Doshi,achauhan@example.net,9911910763,"55/770
Dyal Nagar, Bijapur 678083"
471,Girish,Seth,yoshitabrahmbhatt@example.org,1836000400,"828
Kalla Zila, South Dumdum-734364"
463,Chavvi,Agrawal,tbhalla@example.com,6202095058,"179
Hayre Chowk, Ahmedabad-219988"
212,Arya,Choudhary,saanvi70@example.com,9.12E+11,"H.No. 370, Parekh Marg
Dehri 939767"
732,Bhanumati,Bhattacharyya,dayamaidutt@example.com,9.11E+11,"40/499
Shere Zila
Ambarnath-428010"
555,Abha,Wali,aayushkoshy@example.net,6437755907,"H.No. 964, Batta Ganj, Amroha-114633"
1,Edhitha,Atwal,zayyan43@example.com,234852317,"96/24
Narayan Nagar, Ranchi 232760"
451,Aarna,Narasimhan,tandonguneet@example.org,1811698062,"458
Purohit
Vellore 530429"
782,Balvan,Cheema,ladli45@example.net,9.19E+11,"22/11
Naidu Circle, Nagaon 086347"
768,Ishaan,Gopal,deolekantika@example.com,4901173719,"H.No. 69
Mohan Ganj
Pali 586782"
66,Damini,Uppal,etella@example.net,9.12E+11,"H.No. 38, Dasgupta Chowk, Thiruvananthapuram 343400"
774,Raksha,Sur,madhavinagy@example.net,629345527,"H.No. 80
Pal, Narasaraopet 717749"
276,Zaid,Tak,dasguptaabdul@example.net,8125628938,"06/34
Misra Nagar, Avadi 756891"
495,Timothy,Singh,hamsinitank@example.org,6009441753,"78/23
Ramachandran Chowk
Dehri-346498"
564,Nicholas,Virk,xaviersood@example.com,9.15E+11,"H.No. 06
Korpal Nagar
Mangalore 452417"
744,Forum,Tailor,zachariaurmi@example.com,9.15E+11,"77/689
Sule Nagar
Bathinda-608540"
593,Tanveer,Mann,teerthben@example.com,9.18E+11,"72/858, Dhar Road
Imphal 138352"
178,Baghyawati,Kant,omane@example.net,7779154560,"67/265
Barman Chowk
Hazaribagh-459723"
29,Lila,Bajwa,ladomya@example.com,9.16E+11,"258, Srinivasan Street, Guna 202177"
179,Sathvik,Madan,yohannandavid@example.org,335259451,"03
Suri Ganj, Kakinada 798704"
422,Jeet,Chander,chaudhrymegha@example.org,9.1E+11,"H.No. 29
Gade Street
Maheshtala 199965"
187,Anirudh,Tella,mitali12@example.com,1891701679,"00/06, Saini Ganj
Ramgarh-921198"
708,Victor,Chaudhry,malhotraanjali@example.net,3443278550,"362
Rama Marg, Kulti-147420"
301,Leela,Anand,hoza@example.org,3434044033,"92
Dhillon Nagar, Aizawl 350668"
916,Nitesh,Mangal,dakshasarna@example.net,6878634560,"H.No. 619, Shenoy Chowk, Sagar 603954"
280,Indali,Bajwa,cjaggi@example.org,2627961729,"437
Chanda Circle
Jalna 360862"
536,Omya,Choudhary,pdivan@example.com,5063234739,"H.No. 693, Sarna Zila, Jalna-917026"
811,Wahab,Mody,ishabassi@example.com,9.19E+11,"H.No. 931, Atwal Nagar
Saharsa 728010"
729,Pushti,Mani,bhattigirish@example.org,7427084259,"47/34, Issac Marg
Purnia 379080"
250,Bhavani,Walla,nirjabora@example.org,6341031778,"H.No. 114, Arya Nagar, Bokaro 614441"
396,Chanchal,Singhal,lsodhi@example.net,8682613340,"H.No. 818, Kari Road, Panihati 738424"
203,Odika,Mahajan,vamakshilad@example.com,4792811965,"77/91
Bobal Marg
Coimbatore 777727"
474,Irya,Garg,csood@example.com,1366759915,"55/01, Raval Street
Bhimavaram 038991"
873,Tripti,Suri,idikaagrawal@example.org,7662891899,"50/30
Krishnamurthy Path
Moradabad 167545"
191,Idika,Wali,balashivani@example.net,9008585348,"H.No. 35
Goswami Ganj
Ambarnath 647751"
409,Lila,Sengupta,nadkarniranbir@example.net,4856050035,"H.No. 973
Patel Ganj
Proddatur-224660"
939,Kabir,Deol,mraman@example.net,9.11E+11,"92
Talwar
Amroha 657772"
1,Edhitha,Atwal,zayyan43@example.com,234852317,"96/24
Narayan Nagar, Ranchi 232760"
856,Tristan,Vohra,yachanachanda@example.com,9.16E+11,"037
Saini
Kottayam 361790"
,Rucha,Rane,,980,
940,Tejas,Kulkarni,cchandra@example.com,2659816362,"H.No. 89
Karpe Road
Tiruvottiyur-902965"
280,Indali,Bajwa,cjaggi@example.org,2627961729,"437
Chanda Circle
Jalna 360862"
906,Xavier,Kamdar,kamalabedi@example.net,9.18E+11,"H.No. 526
Shankar Ganj
Mathura 748586"
809,Waida,Deshmukh,hansalexander@example.com,8559479718,"H.No. 738
Dutt Path, Srinagar-772437"
755,Elijah,Bahl,sethchandran@example.net,7897283899,"84, Luthra Path
Guna 260853"
525,Vamakshi,Pillay,tanveerkalla@example.org,9.13E+11,"82
Mital Nagar, Vasai-Virar-365305"
123,Chasmum,Ray,dlata@example.org,9.13E+11,"H.No. 447, Mahajan Zila
Bhilwara 584669"
148,Tara,Ahluwalia,qchander@example.net,9.11E+11,"708, Lad Path, Malda-082212"
310,Janya,Kapadia,emohan@example.org,6384534202,"073
Varty Zila
South Dumdum 848766"
361,Isha,Loke,theodore78@example.net,9.13E+11,"30
Andra Zila, Ranchi-993220"
796,Mohini,Ahuja,jagvimody@example.com,8927999678,"48/20
Gopal Circle
Bidhannagar-760896"
126,Warinder,Prasad,chakradevtank@example.net,2734662184,"233, Peri Chowk, Phusro-840252"
884,Vansha,Badal,rrattan@example.com,9.11E+11,"H.No. 356, Parikh Nagar, Bhiwani 695773"
457,Vasana,Tailor,tchacko@example.net,5193289653,"41
Sachar Nagar
Amritsar 082668"
62,Rayaan,Talwar,yashodhara13@example.com,1078740629,"H.No. 808
Swaminathan Street
Guna 673027"
56,Ekta,Chowdhury,omkaar89@example.org,3090611765,"40/09
Loke Zila, Amritsar-732110"
722,Charles,Arora,ishwarkari@example.com,9.12E+11,"997
Choudhry Road, Chennai 286959"
974,Reva,Anne,jkonda@example.net,9.17E+11,"H.No. 657, Sabharwal, Sikar-756140"
327,George,Mander,radhikamore@example.org,3555501903,"75
Bajwa Nagar, Ghaziabad-907158"
597,Reyansh,Shroff,kashvi59@example.com,2895448167,"H.No. 431, Chopra Marg
Ujjain-177495"
922,Rachita,Ahuja,chakradhar02@example.org,4549057312,"34/40
Jani Nagar
Tirunelveli 810165"
99,Wriddhish,Verma,lalyash@example.net,8120653800,"05/038, Lanka Circle
Gandhinagar-427970"
676,Jagrati,Sarkar,lopabhatnagar@example.org,9.14E+11,"H.No. 823, Tripathi Circle, Jhansi 919928"
720,Teerth,Nagar,tanveernath@example.net,653569638,"418
Ghose Road, Rajpur Sonarpur-769211"
343,Vanya,Chandra,megha21@example.net,6769947473,"82
Khurana Marg
Jabalpur-683606"
861,Ayaan,Pradhan,ddani@example.org,9.16E+11,"01
Trivedi Marg
Dehri-233812"
400,Kashish,Badami,agatechaaya@example.net,7829583129,"H.No. 24
Gupta Ganj
Hazaribagh-619208"
868,Tanveer,Chandra,tgulati@example.org,9.16E+11,"186
Kari Nagar, Ambarnath-059113"
59,Yahvi,Sen,upadhritikala@example.net,9.18E+11,"48
Narula Path, Dhanbad-978633"
826,William,Raj,naveenbutala@example.net,6737050652,"23/51
Kaul Road
Danapur 772360"
392,Chaitanya,Sridhar,zarnachanda@example.org,5407089455,"78
Shenoy Path, Siliguri 892478"
72,Onkar,Chana,kaipathak@example.org,9.16E+11,"65, Memon Road, Sasaram-869987"
299,Charita,Sibal,jagrati19@example.org,3142687240,"016
Gola Zila, Firozabad 697745"
644,Nandini,Sood,oagarwal@example.net,9.12E+11,"59/33, Mander Chowk
Gangtok 063970"
951,Madhavi,Toor,saxenapratyush@example.net,5341519160,"H.No. 494
Goswami Chowk, Nadiad 087050"
815,Priya,Bhatia,semhemang@example.com,9.14E+11,"00, Jayaraman Circle, Ramagundam-002313"
653,Ethan,Desai,radhakrishnananya@example.org,2900546910,"H.No. 332
Jhaveri Ganj
Anand 786583"
670,Abdul,Singhal,vthakur@example.com,6018795240,"58/30, Morar Marg, Kadapa 080587"
753,Isaiah,Bhardwaj,yashasvi03@example.com,709458968,"42/345
Chawla Nagar, Jalgaon-702679"
344,Hritik,Korpal,oscar70@example.org,3586722860,"H.No. 932
Bobal Nagar
Durgapur 639161"
150,Vamakshi,Kohli,gautami22@example.net,9725258436,"02/528, Parmer Zila, Mira-Bhayandar 243774"
312,Lila,Thakkar,wahab20@example.org,2078516548,"H.No. 916
Kala Zila, Bathinda-922335"
79,Charles,Naidu,chaayakarpe@example.org,2083668911,"09/33
Rau Zila
Phusro-994172"
241,Qushi,Wali,madhavi78@example.org,9.15E+11,"821, Sura Nagar, Ramgarh-841440"
672,Gaurangi,Pingle,ykeer@example.com,9.12E+11,"480
Garde Nagar
Moradabad 879809"
402,Libni,Bhavsar,chadagopal@example.org,9.16E+11,"23, Garg Circle, Orai-927213"
802,Jackson,Bakshi,mmaharaj@example.com,8695865766,"H.No. 930
Kala Street
Bally 978816"
964,Jai,Chakrabarti,bhavsarpraneel@example.org,8525212811,"H.No. 133
Khanna Road
Chapra-722839"
304,Hredhaan,Keer,norivanya@example.com,9.19E+11,"H.No. 98, Chada Path, Haldia 556577"
974,Reva,Anne,jkonda@example.net,9.17E+11,"H.No. 657, Sabharwal, Sikar-756140"
102,Jairaj,Dara,zayyan48@example.com,5223691656,"269
Thakkar Road, Saharanpur-612864"
755,Elijah,Bahl,sethchandran@example.net,7897283899,"84, Luthra Path
Guna 260853"
840,Ishaan,Patel,parikhviraj@example.com,9.16E+11,"163
Sule Ganj, Nashik-115305"
301,Leela,Anand,hoza@example.org,3434044033,"92
Dhillon Nagar, Aizawl 350668"
599,Radha,Vaidya,whari@example.org,9541260540,"59/122, Radhakrishnan Circle, Alappuzha-713750"
585,Divya,Aggarwal,neelimahanda@example.org,9.12E+11,"741, Tara Chowk
Tinsukia 402305"
383,Bakhshi,Zacharia,libnimadan@example.com,9.18E+11,"954, Sankaran Marg, Guna-870232"
630,Isaiah,Bahl,dubebrijesh@example.net,9187658970,"41/379
Rana, Bhagalpur 941889"
450,Ronith,Kurian,cgade@example.org,7175968910,"69
Jaggi Zila
Korba 850287"
153,Ladli,Parmar,omya01@example.net,8414638131,"H.No. 90
Dara Street, Eluru 247624"
267,Harita,Dora,manishravya@example.com,9.14E+11,"28/952
Murthy Chowk, Khammam 214333"
14,Vyanjana,Goswami,harshilbhavsar@example.net,9356733656,"H.No. 66
Nath
Secunderabad 415822"
98,Daksh,Thaker,peterpatla@example.org,9.11E+11,"31, Raghavan Ganj, Bhagalpur 887195"
232,Aayush,Mutti,onkarbir@example.net,5314236956,"74/143, Pradhan Road, Fatehpur 101268"
786,Saumya,Om,shajhalak@example.com,3115268979,"H.No. 952, Mammen Chowk
Bikaner-333105"
277,Jagat,Bajwa,kashvidubey@example.org,9.14E+11,"H.No. 25, Kara Nagar, Machilipatnam 923416"
469,Harsh,Swaminathan,bhattrachana@example.com,1184978078,"39/588, Rajagopalan Ganj
Tadipatri 466513"
848,Leela,Sundaram,ravalharrison@example.net,9945951231,"609
Bava, Morena-367764"
63,Zaitra,Dutt,pranitmore@example.org,8136367733,"H.No. 72
Bal Circle, Berhampore-375486"
961,Gayathri,Narayanan,majumdardhruv@example.org,1513343942,"10, Sinha Path
Ghaziabad 245065"
756,Ishita,Golla,godamaya@example.com,3253605444,"56/79
Karnik
Madhyamgram-996593"
504,Ekanta,Khare,watikagupta@example.com,4452057614,"H.No. 652
Chaudhari Ganj, Alappuzha-931849"
962,Raghav,Chakrabarti,rprabhu@example.com,499638204,"03, Mukhopadhyay Road, Jammu-357081"
468,Unni,Wable,ykaul@example.org,969673684,"307, Narain Road, Sri Ganganagar-962053"
852,Chatura,Samra,hdasgupta@example.net,7959383856,"20, Kulkarni Path, Warangal-522152"
139,Agastya,Pandey,cbasak@example.com,9.15E+11,"55/879
Kothari Zila
Bilaspur 072676"
559,Ayush,Apte,devansh87@example.net,9529536669,"78/44, Bhandari Marg, Mangalore-887955"
884,Vansha,Badal,rrattan@example.com,9.11E+11,"H.No. 356, Parikh Nagar, Bhiwani 695773"
314,Manya,Morar,riya56@example.org,9205290520,"89/09
Loke Ganj, Cuttack 158348"
180,Isha,Wadhwa,ryanbawa@example.org,1848696697,"H.No. 208, Agarwal Street, Dehri 459886"
607,Mohammed,Majumdar,saumya30@example.com,9.13E+11,"24
Munshi Ganj
Kolkata 073718"
643,Jeet,Sem,nadkarnigautami@example.org,4397813757,"47/782, Bera Zila
Eluru-530635"
526,Yochana,Rajagopal,wborde@example.com,9.16E+11,"376
Krishnamurthy Marg
Nagaon-524671"
10012,Rajesh,Yadaa,,,
425,Falan,Chakrabarti,deofiyaz@example.net,7382035786,"79/012
Misra Road, Muzaffarnagar 666853"
963,Girindra,Chahal,babuyashica@example.com,9.13E+11,"94, Mistry Marg
Gandhinagar 580883"
705,Chanakya,Swaminathan,isaiahnair@example.org,6919006286,"H.No. 76
Chokshi Street
Orai 717398"
421,Yagnesh,Jani,patlaakshay@example.com,9.12E+11,"789, Dutta Road, Korba 945284"
563,Eesha,Tara,yauvanibanerjee@example.com,9219785923,"53
Shere Road, Meerut-999387"
1,Edhitha,Atwal,zayyan43@example.com,234852317,"96/24
Narayan Nagar, Ranchi 232760"
980,Yashvi,Patel,yuvrajkapadia@example.org,5512441129,"91/278
Uppal Nagar, Ghaziabad 109903"
464,Dayamai,Sama,horaneel@example.com,818842039,"74/01
Palla
Thanjavur 861660"
219,Nilima,Jha,kumarkiaan@example.org,4889079111,"41/59
Loke Path, Etawah 140556"
1000,Bhavika,Lall,ramanathananika@example.org,8656745914,"52/78
Chada Nagar, Warangal-203390"
17,Nitesh,Hari,khoslameghana@example.com,9975616675,"H.No. 61
Bhat Nagar, Gudivada-308505"
320,Luke,Chokshi,takonveer@example.org,9.14E+11,"45, Banik Nagar
Kochi-996542"
903,Jeevika,Bobal,bpau@example.org,8635582285,"34, Chanda Zila
Rewa-741631"
845,Yash,Apte,yashica61@example.org,9.19E+11,"45
Bassi Path
Maheshtala 209891"
388,Vasudha,Narayan,amrutadara@example.com,9467029489,"H.No. 62
Gour Chowk
Gudivada-251554"
686,Chakrika,Chadha,xsrivastava@example.org,5586475365,"H.No. 166, Handa Circle
Bahraich-560439"
649,Dayita,Ray,devika35@example.org,9.11E+11,"39, Shanker Nagar, Coimbatore-992256"
687,Netra,Wali,ereddy@example.net,232094736,"260
Basak Path, Tezpur-387093"
950,Advika,Comar,mroy@example.com,9.15E+11,"H.No. 24
Chakrabarti Road
Chandigarh 799247"
497,Robert,Narayan,vidhi00@example.com,9.2E+11,"H.No. 520
Palan Marg, Tirunelveli-581314"
999,Bhanumati,Srinivasan,roygeetika@example.org,9.2E+11,"26/95
Viswanathan Chowk, Bellary-586585"
302,Bhavika,Shah,ekavirdalia@example.com,2576296248,"17
Rattan Ganj, Avadi 514784"
726,Dev,Ganguly,oscar22@example.org,3094349907,"H.No. 73, Nori Marg, Pudukkottai-898557"
841,Vrinda,Gola,trivenibanerjee@example.org,9.15E+11,"253, Dutta Nagar, Gopalpur 582816"
498,Anirudh,Tara,banjeetprabhakar@example.org,2373657685,"H.No. 560
Biswas Circle
Kottayam 652010"
40,Nakul,Keer,rdevi@example.net,9.1E+11,"500, Mahajan Road, Dhule-463423"
741,Naksh,Bobal,eatwal@example.org,697119101,"40, Bal Circle
Malda 722185"
65,Lucky,Chokshi,watika21@example.com,6010923093,"24, Bhat Marg
Mahbubnagar 803610"
444,Falan,Dada,kissac@example.net,6047714587,"89, Mital
Tiruchirappalli-036675"
997,Odika,Kulkarni,akshay36@example.com,9096300484,"92/156, Gill Chowk, Rohtak 408545"
266,Gauri,Shah,xbalasubramanian@example.net,9.14E+11,"72/047
Venkatesh Road
Junagadh-049776"
144,Maanas,Dhillon,aarnayogi@example.com,9.17E+11,"20/947
Shenoy Zila
Bharatpur-168644"
605,Teerth,Khare,aarnav22@example.net,2659023243,"840
Kale Chowk
Kavali 069627"
470,Yash,Venkataraman,eshana31@example.org,8445649082,"H.No. 187, Bhatt Road, Gurgaon 013643"
652,Ria,Vohra,pallarobert@example.org,9.16E+11,"06/216
Balasubramanian Circle
Berhampur 043287"
27,Anay,Bajaj,bahadurjit92@example.org,9.1E+11,"H.No. 61
Varty Zila
Srikakulam-922364"
108,Tanveer,Varty,kumaraishani@example.net,7319195397,"98
Chander Street
Khandwa-588196"
579,Meghana,Bakshi,ekbal19@example.org,9.19E+11,"H.No. 55
Patla Ganj
Sambhal 987440"
898,Kabir,Borra,sathvikkala@example.net,4312526089,"30
Kaul Marg, Rajkot-576525"
226,Damini,Pall,hegdejanuja@example.org,9.1E+11,"H.No. 89, Sabharwal Zila
Madhyamgram 811447"
209,Damini,Keer,enagy@example.com,1564448431,"H.No. 00, Gala Ganj, Belgaum-920510"
677,Mohini,Vora,krishnadevan@example.com,9.15E+11,"01
Chopra Chowk, Tirupati-216929"
2,Hitesh,Vasa,rattanhemal@example.net,4178362646,"H.No. 553
Borde Circle, Thanjavur 399002"
942,Champak,Rao,dashdarsh@example.net,3983446841,"H.No. 376
Tiwari Circle
Guntakal 541470"
38,Ojas,Shroff,tarak83@example.net,3384617940,"94, Johal Road, Jamshedpur 071687"
29,Lila,Bajwa,ladomya@example.com,9.16E+11,"258, Srinivasan Street, Guna 202177"
193,Tarak,Dave,dugalpriya@example.net,1757191455,"H.No. 47
Sarkar Marg
Etawah 336444"
195,Rachita,Pandey,hiral57@example.org,9426999837,"36/231, Sarkar Road
Yamunanagar 403210"
723,Gaurika,Acharya,gbaral@example.org,9.15E+11,"97/71, Pillai Road
Gandhidham-556571"
661,Tanay,Tiwari,bishakha99@example.com,9.14E+11,"772, Lalla Road, Bettiah-228251"
949,Vansha,Yohannan,anusharaghavan@example.org,1353454209,"H.No. 38, Brahmbhatt Circle, Kirari Suleman Nagar 694922"
393,Vedant,Baria,rattashivani@example.net,9.18E+11,"80
Halder Ganj
Rajpur Sonarpur-874444"
707,Meghana,Oommen,brinda92@example.org,5164832926,"867
Lanka Chowk, Guwahati 208741"
311,Hitesh,Tata,sinhanachiket@example.com,2406269415,"34/36, Badami Street
Jabalpur 537138"
250,Bhavani,Walla,nirjabora@example.org,6341031778,"H.No. 114, Arya Nagar, Bokaro 614441"
329,Anirudh,Karnik,kantavni@example.org,9.16E+11,"995, Aurora Road
Amroha 761205"
83,Upadhriti,Anand,kotaakshay@example.org,4029681329,"78, Bose Marg, Korba 093114"
479,Ansh,Sarna,upmaparmar@example.org,9309935374,"H.No. 314, Sami Circle
Kochi-769870"
382,Priya,Mangal,nmohanty@example.net,9.18E+11,"H.No. 015
Sabharwal Zila, Morbi 645668"
488,Pallavi,Gaba,qushisinha@example.net,9.12E+11,"H.No. 89
Memon Chowk
Ambala 162167"
42,Frederick,Bajwa,janujasule@example.org,2426697359,"H.No. 59, Kanda Chowk, Satna-157918"
946,Idika,Kumar,ikshita92@example.com,1403006665,"66, Talwar Path, Pudukkottai-487862"
378,Ekaja,Mallick,wpadmanabhan@example.net,2755004018,"H.No. 97
Pandey Path
Dhanbad 110397"
125,Nidra,Sethi,eramaswamy@example.com,9.19E+11,"H.No. 510
Chadha Path
Tezpur-746393"
220,Sanya,Bhatt,william35@example.org,9.15E+11,"050, Basu Circle, Chandigarh-397772"
54,Rachit,Prashad,bailgaurav@example.org,7166542565,"76/23
Deol Street, Ambarnath-920238"
492,Chakradhar,Deshpande,abeerbalakrishnan@example.com,2881929984,"H.No. 602
Chakrabarti Zila, Solapur 678991"
905,Adweta,Loke,oommenmaanas@example.net,9.19E+11,"58/40, Chokshi Chowk, Madanapalle-483280"
517,Bimala,Narasimhan,kai46@example.com,7015577113,"93
Thakkar Nagar, Durgapur-077810"
530,Zehaan,Pingle,anushasalvi@example.net,9.12E+11,"H.No. 80
Patil Circle, Gandhinagar-810309"
575,Yatin,Kant,brinda25@example.com,9.13E+11,"H.No. 652
Dora Zila
Karaikudi-178380"
412,Luke,Seth,banikbaljiwan@example.org,419593662,"69/95, Morar Chowk, Nizamabad-960466"
8,Om,Peri,quincyrattan@example.org,5272446396,"54, Boase Road, Kavali-740404"
83,Upadhriti,Anand,kotaakshay@example.org,4029681329,"78, Bose Marg, Korba 093114"
413,Alexander,Devan,rastoginidra@example.net,3578434188,"679, Kurian Circle, Jamshedpur 042566"
73,Devansh,Sem,gangarastogi@example.org,9.16E+11,"89/43, Sant Chowk
Thane-504055"
16,Vedant,Vyas,abhirambains@example.org,9.15E+11,"H.No. 784
Sane Marg, Uluberia-448360"
788,Aashi,Pingle,dharudyati@example.net,9.13E+11,"H.No. 831
Karnik Circle, Thane 384080"
114,Vedant,Grover,harshiloommen@example.org,8577795707,"41, Khalsa Chowk
Bhilai 300944"
387,Ira,Parekh,lavanya25@example.com,9020214558,"944
Mittal
Guntur 794811"
74,Adweta,Khanna,ishwar72@example.org,9.17E+11,"73, Nazareth Chowk
Ozhukarai-595732"
630,Isaiah,Bahl,dubebrijesh@example.net,9187658970,"41/379
Rana, Bhagalpur 941889"
137,Tristan,Rajagopal,pranganathan@example.org,9.2E+11,"H.No. 640
Joshi Path
Berhampore 670218"
760,Chasmum,Kalita,choprajeevika@example.com,5453888056,"37, Khosla Path, Katihar-458662"
820,Lucky,Dube,devanishani@example.org,6094795565,"51/609, Lanka
Kozhikode-524235"
917,Pranav,Raval,kashvithaman@example.net,9.16E+11,"H.No. 058, Rout
Mau-474535"
881,Ekaja,Vig,tanvidey@example.com,9662722064,"600
Nagi Chowk, Anantapuram 735943"
316,Caleb,Padmanabhan,tankmegha@example.org,3172709970,"490, Chadha, Raichur 903161"
645,Kamya,Pal,eshana19@example.org,9099538268,"H.No. 713
Bhalla Path, Proddatur-631295"
519,Logan,Wadhwa,kapooralexander@example.org,8015209625,"279
Ganesan Chowk, Jammu 471172"
572,Siya,Garde,parikhdarsh@example.com,1636008905,"H.No. 812, Mukherjee Marg, Jaipur-390241"
887,Mohini,Kapadia,zachariaraagini@example.net,9.11E+11,"H.No. 516
Kalita Marg, Tiruvottiyur 368163"
431,Kavya,Kari,ishaan10@example.net,4372119745,"51/166, Goel
Thoothukudi 483710"
956,Osha,Deo,ranveer27@example.org,5081682444,"72/71
Parmer Zila
Siwan-445189"
208,Benjamin,Wali,dalalowen@example.org,1873657407,"383, Chakrabarti Nagar
Aurangabad 995609"
1007,,,,-1000,
253,Mohini,Luthra,srinivasforum@example.net,6901110526,"690, Sandal Circle, Giridih-270106"
739,Manthan,Jayaraman,aarnav86@example.com,9.1E+11,"09/55, Sampath Ganj
Ajmer-464301"
51,Falak,Mane,inayahegde@example.org,9.2E+11,"656, Dar Circle, Kavali-439794"
615,Luke,Panchal,timothy34@example.org,320091795,"28/228, Acharya Ganj
Karimnagar 959746"
,Rayaan,,,,98/99
,Indrajit,Agrwal,,99,
397,Anamika,Saran,fkaul@example.net,2828395432,"960, Subramanian Circle, Allahabad 763621"
136,Vincent,Jaggi,khalsayachana@example.com,9.13E+11,"48/497, Gill Ganj, Rourkela 421771"
764,Pavani,More,vidhi72@example.net,752396467,"02/40, Choudhury Path
Howrah-433140"
268,Vansha,Nori,malhotrasamaksh@example.com,5070015212,"929, Bera Chowk
Hyderabad 414122"
700,Yug,Atwal,chasmum89@example.com,9.16E+11,"H.No. 71, Mall Ganj, Sri Ganganagar-873115"
181,Nicholas,Yadav,kapadiachasmum@example.net,4276840415,"41
Chaudhry Path, Bahraich-342462"
527,Saksham,Pandya,irabhattacharyya@example.org,471204979,"56/204, Gole Circle, Nellore 490511"
613,Gaurav,Uppal,odatta@example.com,952198999,"26/104, Cheema Path
Aizawl 970696"
883,Logan,Nadig,labanshetty@example.com,4259959225,"H.No. 218, Anne Ganj, Malegaon 694964"
943,Janya,More,annechanchal@example.com,9.16E+11,"H.No. 03
Dayal Path, Udaipur-541359"
895,Qabil,Pradhan,faqidgill@example.net,6809379570,"69/676
Dalal Ganj, Cuttack-135097"
449,Lavanya,Nadkarni,fchaudhari@example.org,2425421599,"62/36
Rama Marg
Jodhpur 107234"
900,Robert,Saraf,tanay30@example.net,2879076724,"61, Purohit Road, Jalandhar 560858"
363,Jagat,Basu,pahalchacko@example.net,9.18E+11,"67/11
Mital Marg, Amroha 808993"
508,Pratyush,Dhar,prisha43@example.org,517361699,"86
Mane, Guwahati-410154"
507,Tristan,Radhakrishnan,zkata@example.com,9.13E+11,"H.No. 81
Barad Street
Bhiwani 128829"
837,Anika,Shah,ganesanumang@example.net,6626257675,"H.No. 703
Setty Street, Mira-Bhayandar 422394"
272,Laksh,Chandra,fiyazganesh@example.org,7883993658,"H.No. 21
Borra Road
Machilipatnam 390731"
81,Odika,Menon,ayushmansoman@example.com,9.17E+11,"768
Parmer Marg, Tinsukia 322159"
111,Kevin,Bahl,senchasmum@example.net,294496284,"89
Ganguly Circle
Sasaram 370122"
246,Devansh,Mitter,pahal23@example.com,9.19E+11,"53/03
Pandey Road, Chennai 415309"
359,Charan,Chaudhry,gopalchanchal@example.org,9.14E+11,"41, Rama Street, Chittoor-271765"
520,Omaja,Parmer,sarkarhenry@example.net,5074390821,"493
Vasa Road, Howrah 562950"
26,Ethan,Ray,sanyataneja@example.com,1043260783,"H.No. 60
Chaudhari Marg
Jorhat 007358"
1,Edhitha,Atwal,zayyan43@example.com,234852317,"96/24
Narayan Nagar, Ranchi 232760"
239,Aashi,Andra,nairhema@example.com,4638536626,"35/376
Guha Path
Aurangabad-926487"
740,Anjali,Mahal,bhardwajupkaar@example.com,3271166428,"H.No. 057
Kapoor Circle
Jodhpur 101517"
481,Ikbal,Randhawa,triveni24@example.net,9.15E+11,"H.No. 50
Mangal Marg, Hazaribagh-349168"
902,Brijesh,Sura,bhargavanitesh@example.net,9.2E+11,"49/281, Sengupta
Nagaon 007734"
336,Advika,Ben,kaurjason@example.org,9.17E+11,"24/11
Chander Street
Khammam-425163"
180,Isha,Wadhwa,ryanbawa@example.org,1848696697,"H.No. 208, Agarwal Street, Dehri 459886"
31,Vansha,Munshi,nchaudhary@example.org,7761823955,"H.No. 68, Borde Path
Jabalpur-689970"
152,Oviya,Dhar,munijason@example.com,986655107,"694
Bhagat Chowk, Nandyal-182411"
428,Eshana,Rau,parekhmahika@example.com,9706240287,"59, Sachar Road, Tirunelveli-451431"
663,Chaitanya,Singhal,murtybrijesh@example.net,9.16E+11,"644, Brahmbhatt
Mira-Bhayandar-687213"
619,Balendra,Sundaram,korpalgirish@example.org,4156663540,"H.No. 64, Rastogi Path
Gaya 633710"
306,Janaki,Dar,tandonyashasvi@example.org,3117256160,"65/01, Brar Road, Firozabad-212854"
289,Yutika,Kashyap,dgulati@example.net,4099421209,"H.No. 025
Kunda Chowk, Bhilwara-256511"
877,Hemani,Saraf,prashadsachi@example.com,1247659916,"27/08, Jani Circle, Dhanbad 952039"
947,Nikita,Som,praneeldalia@example.com,9.11E+11,"H.No. 62
Walla Circle, Gwalior-176355"
912,Gopal,Kaur,lchandran@example.net,9.15E+11,"27/791, Kothari Nagar, Sasaram-133780"
620,Banjeet,Sahota,osarkar@example.com,9029556732,"H.No. 52, Pandey Zila
Hazaribagh 424391"
974,Reva,Anne,jkonda@example.net,9.17E+11,"H.No. 657, Sabharwal, Sikar-756140"
394,Krisha,Venkataraman,chackoupma@example.com,8424117524,"85/93
Balan Path, Bally-053829"
157,Chandani,Pandit,rsolanki@example.com,7943097664,"75/166
Pillai Circle
Anand 447587"
932,Tamanna,Natt,nsengupta@example.net,1061028608,"46
Babu Zila
Gurgaon-824314"
423,Zilmil,Varma,dubeygautami@example.org,9.15E+11,"747
Dugal Ganj, Asansol 834526"
389,Elijah,Raman,nidhi92@example.com,3309553353,"H.No. 867
Kamdar Circle
Junagadh 558729"
459,Fiyaz,Prakash,samuelganguly@example.com,5489820468,"01
Subramanian Street
Satara 822201"
830,Samar,Bhagat,chawlatamanna@example.com,9.12E+11,"23/232, Varty Zila
Kolhapur 302999"
183,Anamika,Sarna,mandalazaan@example.com,9.2E+11,"87/20, Nayak Road
Bareilly-537768"
832,Mahika,Keer,dpalan@example.net,9291357913,"520
Korpal Ganj, Firozabad-224253"
44,Aarav,Mandal,keerria@example.com,5402578126,"H.No. 479
Bali Zila
Vadodara 503825"
730,Yashawini,Tara,wthakkar@example.org,2667034086,"355, Dada Marg, Bhopal 653889"
60,Michael,Sandal,samesh97@example.com,3520131942,"75/234
Sahota Marg
Junagadh 687187"
762,Jason,D’Alia,tanmayi94@example.net,4593602450,"H.No. 96, Kota Street, Ghaziabad 379374"
981,Chanchal,Buch,raufitan@example.org,6281978517,"H.No. 856, Sarma Path
Raebareli-562592"
611,Samesh,Bains,aaditak@example.com,9.16E+11,"H.No. 85
Gulati Road, Morbi 350168"
250,Bhavani,Walla,nirjabora@example.org,6341031778,"H.No. 114, Arya Nagar, Bokaro 614441"
303,Lakshit,Deshpande,vrindabrahmbhatt@example.org,3313758624,"92/237, Pant Circle
Raurkela Industrial Township 291749"
258,Yagnesh,Kapoor,jaishenoy@example.com,717546293,"H.No. 01, Srinivasan Street
Uluberia-303781"
204,Adweta,Goel,qmammen@example.com,2856800612,"75/955, Ramakrishnan Nagar
Shimla-515978"
101,Januja,Kohli,ranbir21@example.com,7096693467,"86/94
Prashad, Jaipur-448250"
132,Zinal,Kashyap,pushti69@example.com,9398666924,"H.No. 13, Anand, Jabalpur 836990"
297,Urmi,Nair,vrishtisarna@example.org,9.11E+11,"H.No. 572, Kar Marg
Korba 660516"
296,Kalpit,Parekh,kumarvictor@example.org,8140613233,"36/327, Dube Circle, Darbhanga 839827"
749,Vansha,Manne,ysahota@example.org,2356054709,"65
Menon
Coimbatore-816198"
287,Jagvi,Bandi,nagarrehaan@example.com,9.11E+11,"84
Magar Circle
Rajpur Sonarpur 485808"
430,Mekhala,Amble,dewanzansi@example.net,9718626618,"H.No. 222
Gulati Circle, Nashik 427749"
654,Girindra,Mall,kashvi12@example.net,840843132,"H.No. 020, Edwin Road, Anantapuram 748757"
534,Vedika,Kapur,rajeshri10@example.net,3324539853,"12, Apte Chowk, Hajipur 461744"
580,Varenya,Chokshi,radha70@example.org,927711218,"H.No. 45
Varty Circle, Kottayam 613904"
121,Unnati,Sahni,veer15@example.net,9.16E+11,"26/97
Srivastava, Salem 373248"
391,Krish,Datta,omishabhakta@example.net,1287434373,"39
Suresh Circle
Berhampur-337283"
506,Lipika,Sant,lakshhayre@example.com,9.19E+11,"35/22, Manda Ganj, Silchar-714205"
975,Sanaya,Sood,leenanayak@example.com,9763455851,"H.No. 819, Doctor, Bijapur 188813"
7,Mohammed,Jaggi,wmukhopadhyay@example.com,9.19E+11,"26/841
Konda Circle, Ramagundam-753087"
701,Amrita,Rama,anmolkaul@example.com,4998626624,"14, Sabharwal Nagar
Maheshtala-210482"
571,Ekansh,Golla,qarin11@example.com,5288081323,"H.No. 44
Sunder Road, Sri Ganganagar-384698"
793,Joshua,Zachariah,dashyashoda@example.org,3117015981,"72/258
Sahota Road, Karaikudi-713505"
501,Tanmayi,Lad,ucchalshankar@example.com,9.16E+11,"87/36, Chaudhari, Mau-141919"
594,Vedika,Saxena,bhanumatibedi@example.org,8627927217,"99/98, Saran Zila, Asansol-499915"
812,Rajeshri,Gade,urvipant@example.com,2997728884,"06
Sama Circle, Alappuzha-194727"
10,Jagat,Walia,unazareth@example.org,9.15E+11,"890, Basak Nagar, Bettiah-799605"
860,Ekalinga,D’Alia,hayerbhavya@example.com,4536819410,"84/61
Sarraf Road
Hapur 043086"
685,Naveen,Chandra,nachiketkalla@example.net,6817732400,"89/336
Nadig Path, Uluberia 471411"
577,Charles,Ramanathan,keerqadim@example.org,7153623511,"97/068
Sampath Zila
Ramagundam-859502"
141,Oliver,Keer,itiwari@example.net,7915010058,"85/95
Chawla Nagar, Firozabad 790167"
616,Hemangini,Rai,merchantsimon@example.org,9346548368,"619
Mukherjee Road, Dewas-221203"
307,Abeer,Munshi,yashicabhavsar@example.com,8847296056,"H.No. 38
Sidhu
Solapur 505728"
597,Reyansh,Shroff,kashvi59@example.com,2895448167,"H.No. 431, Chopra Marg
Ujjain-177495"
225,Amrita,Vasa,bobaljanaki@example.net,9.11E+11,"H.No. 30
Vyas Ganj, Motihari-242312"
67,Ekavir,Dar,naveen88@example.org,9.11E+11,"20, Deo Zila, Ballia 914404"
600,Ranveer,Badami,deochampak@example.org,9.11E+11,"46/85
Jayaraman Zila, Bhubaneswar-564359"
47,Libni,Samra,xalakdass@example.com,9.15E+11,"H.No. 84
Sunder Road
Dehri 087786"
934,Bachittar,Mane,amol43@example.com,6341289739,"31/455, Mannan Road
Coimbatore-276311"
430,Mekhala,Amble,dewanzansi@example.net,9718626618,"H.No. 222
Gulati Circle, Nashik 427749"
719,Adweta,Bava,srivastavakamala@example.com,9.15E+11,"49
Parmar Nagar, Gorakhpur-101109"
368,Michael,Sura,ygera@example.net,4426551808,"43/13, Brahmbhatt Nagar
Raiganj 037563"
288,Watika,Munshi,wardasachdeva@example.org,9.17E+11,"135, Golla Nagar, Raurkela Industrial Township-530412"
683,Bhavna,Samra,naveen92@example.com,1826393043,"H.No. 181, Ramanathan, Aligarh-027183"
200,Alka,Dhar,wchahal@example.com,3271474720,"15/025, Issac Marg, Arrah-677246"
922,Rachita,Ahuja,chakradhar02@example.org,4549057312,"34/40
Jani Nagar
Tirunelveli 810165"
118,Yochana,Grewal,yochana15@example.org,9.16E+11,"H.No. 228
Tailor Nagar
Bhimavaram 052332"
390,Nidhi,Narain,nazarethzehaan@example.net,1039659804,"90, Lalla Ganj
Vellore 456271"
955,Warhi,Karnik,qdeep@example.org,2808894292,"29/875
Rastogi Path, Haridwar 482290"
94,Tanay,Chaudhary,vgaba@example.com,9.1E+11,"37
Arora Chowk, Karimnagar-441354"
210,Ranbir,Shan,lohit50@example.com,8252199583,"96, Shenoy Zila
Satna-556649"
117,Gagan,Apte,sureshnakul@example.org,6060916621,"82, Iyer Chowk, Chandrapur-331006"
584,Tanveer,Pant,mohinijoshi@example.org,4615376252,"38
Bhalla Nagar
Vellore 943412"
953,Jai,Sethi,bsaini@example.net,4954208390,"31
Sur Path
Gangtok 839747"
466,Amol,Muni,swamylucky@example.com,9010529800,"H.No. 479, Amble Circle, Buxar 120575"
,Varsha,Pathak,,879,
960,Ekansh,Prakash,chakradharpatla@example.org,9.12E+11,"20/305, Singh Road, Bhilwara 482259"
805,Hamsini,Vala,ldas@example.org,9.19E+11,"H.No. 66, Naik Street, Dindigul 218155"
602,Nirja,Chopra,warinder50@example.com,3215327407,"27, Barad Street
Ghaziabad 453530"
467,Bhanumati,Viswanathan,duagopal@example.net,2379120578,"H.No. 646
Jayaraman Nagar
Khandwa-390076"
496,Ayaan,Raghavan,damyanti91@example.org,9.14E+11,"69/27
Deshmukh Street
Moradabad-236064"
548,Aradhana,Mangal,unnatikaran@example.net,8716888644,"36/20, Krishna Chowk
Patiala-627892"
280,Indali,Bajwa,cjaggi@example.org,2627961729,"437
Chanda Circle
Jalna 360862"
410,Amara,Luthra,yashasvi29@example.com,9.14E+11,"65, Khatri Path, Srikakulam 490729"
639,Bimala,Shukla,chahalqushi@example.com,1685317277,"32/592, Gaba Path, Satna-168895"
750,Ethan,Ravi,vrishtinagy@example.com,6999663,"88
Nigam Road, Shivpuri 903580"
524,Ishita,Doctor,anmolbehl@example.net,6946715354,"H.No. 16
Lanka Street
Akola-546275"
559,Ayush,Apte,devansh87@example.net,9529536669,"78/44, Bhandari Marg, Mangalore-887955"
511,George,Lala,vedant09@example.net,8899628145,"190, Bawa, Aligarh 077275"
494,Lajita,Gandhi,vihaanraja@example.com,9.19E+11,"790, Sarna Zila
Machilipatnam 647417"
75,Kamala,Vala,nakshchoudhry@example.com,7848672614,"90, Sengupta Zila
Shahjahanpur 994267"
742,Yauvani,Kari,quincy61@example.com,9.15E+11,"90/805, Kothari Street, Ajmer 811449"
371,Pranit,Sarna,ishitamorar@example.org,9.12E+11,"95, Balay Road, Anantapur 658175"
752,Faqid,Jain,cchakrabarti@example.com,991020263,"91
Kannan Zila
Sikar-638874"
279,Nidhi,Sama,ubikachoudhury@example.com,3022912162,"45/96
Gola Street
Amravati 859499"
674,Fitan,Bose,riyathakkar@example.org,3069851986,"31/06
Goswami Nagar, Gandhidham 534332"
988,Veer,Som,hkar@example.com,3613738705,"H.No. 28
Sha Chowk
Cuttack-527559"
117,Gagan,Apte,sureshnakul@example.org,6060916621,"82, Iyer Chowk, Chandrapur-331006"
647,Raghav,Batra,garayatin@example.net,9.1E+11,"99
Dugal Marg
Medininagar-547618"
904,Barkha,Hayer,wmander@example.org,4442449088,"H.No. 342, Salvi Nagar
Srikakulam 441031"
818,Vasudha,Lalla,gchander@example.net,9.12E+11,"37/88
Minhas Marg, Karnal 222548"
39,Viraj,Boase,xbava@example.com,6480194054,"985
Vohra Zila, Nangloi Jat 923057"
559,Ayush,Apte,devansh87@example.net,9529536669,"78/44, Bhandari Marg, Mangalore-887955"
27,Anay,Bajaj,bahadurjit92@example.org,9.1E+11,"H.No. 61
Varty Zila
Srikakulam-922364"
700,Yug,Atwal,chasmum89@example.com,9.16E+11,"H.No. 71, Mall Ganj, Sri Ganganagar-873115"
646,Simon,Sidhu,sanaya27@example.org,3425245826,"H.No. 33
Sastry, Vadodara 655911"
722,Charles,Arora,ishwarkari@example.com,9.12E+11,"997
Choudhry Road, Chennai 286959"
